"exercise_id","שם התרגיל","English name","ציוד","רמה","גב תחתון","גב תחתון — סיבה","צוואר וכתפיים","צוואר וכתפיים — סיבה","ברכיים","ברכיים — סיבה","אוסטאופורוזיס","אוסטאופורוזיס — סיבה","הריון","הריון — סיבה","אחרי לידה","אחרי לידה — סיבה","הערות רתם"
"mat_hundred","המאות (The Hundred)","The Hundred","מזרן (Mat)","מתחילים","בהתאמה (טיוטה)","כפיפה תחת עומס — ראש על המזרן, טווח קטן","בהתאמה (טיוטה)","הרמת ראש — להשאיר ראש על המזרן או בתמיכה","מתאים (טיוטה)","","להימנע (טיוטה)","כפיפת עמוד שדרה תחת עומס — סיכון לשבר דחיסה","להימנע (טיוטה)","כפיפת בטן עם הרמת ראש — עומס על קו האמצע; שכיבה על הגב — אחרי השליש הראשון לקצר או להגביה את פלג הגוף העליון","להימנע (טיוטה)","כפיפת בטן עם הרמת ראש — עומס על קו האמצע (דיאסטזיס)",""
"mat_roll_up","גלגול מעלה (Roll Up)","The Roll Up","מזרן (Mat)","בינוני","בהתאמה (טיוטה)","כפיפה תחת עומס — ראש על המזרן, טווח קטן","בהתאמה (טיוטה)","הרמת ראש — להשאיר ראש על המזרן או בתמיכה","מתאים (טיוטה)","","להימנע (טיוטה)","כפיפת עמוד שדרה תחת עומס — סיכון לשבר דחיסה","להימנע (טיוטה)","כפיפת בטן עם הרמת ראש — עומס על קו האמצע","להימנע (טיוטה)","כפיפת בטן עם הרמת ראש — עומס על קו האמצע (דיאסטזיס)",""
"mat_teaser","טיזר (The Teaser)","The Teaser","מזרן (Mat)","מתקדם","בהתאמה (טיוטה)","כפיפה תחת עומס — ראש על המזרן, טווח קטן","בהתאמה (טיוטה)","הרמת ראש — להשאיר ראש על המזרן או בתמיכה","מתאים (טיוטה)","","להימנע (טיוטה)","כפיפת עמוד שדרה תחת עומס — סיכון לשבר דחיסה","להימנע (טיוטה)","כפיפת בטן עם הרמת ראש — עומס על קו האמצע","להימנע (טיוטה)","כפיפת בטן עם הרמת ראש — עומס על קו האמצע (דיאסטזיס)",""
"reformer_footwork","עבודת רגליים (Footwork)","Footwork on Reformer","רפורמר (Reformer)","מתחילים","מתאים (טיוטה)","","מתאים (טיוטה)","","בהתאמה (טיוטה)","כפיפת ברך תחת עומס — טווח ללא כאב, קפיצים קלים","מתאים (טיוטה)","","בהתאמה (טיוטה)","שכיבה על הגב — אחרי השליש הראשון לקצר או להגביה את פלג הגוף העליון","מתאים (טיוטה)","",""
"reformer_hundred_straps","מאה עם רצועות (Hundred with Straps)","Reformer Hundred","רפורמר (Reformer)","בינוני","בהתאמה (טיוטה)","כפיפה תחת עומס — ראש על המזרן, טווח קטן","בהתאמה (טיוטה)","הרמת ראש — להשאיר ראש על המזרן או בתמיכה","מתאים (טיוטה)","","להימנע (טיוטה)","כפיפת עמוד שדרה תחת עומס — סיכון לשבר דחיסה","להימנע (טיוטה)","כפיפת בטן עם הרמת ראש — עומס על קו האמצע; שכיבה על הגב — אחרי השליש הראשון לקצר או להגביה את פלג הגוף העליון","להימנע (טיוטה)","כפיפת בטן עם הרמת ראש — עומס על קו האמצע (דיאסטזיס)",""
"reformer_elephant","הפיל (The Elephant)","The Elephant","רפורמר (Reformer)","בינוני","בהתאמה (טיוטה)","פלאנק — לשמור אגן ניטרלי, לקצר זמן","בהתאמה (טיוטה)","נשיאת משקל על הידיים — גרסה מקוצרת או על הברכיים","מתאים (טיוטה)","","מתאים (טיוטה)","","בהתאמה (טיוטה)","פלאנק — קצר או על הברכיים, לשים לב להתבלטות הבטן","להימנע (טיוטה)","פלאנק מלא — לחץ תוך-בטני; להתחיל מגרסה על הברכיים",""
"cadillac_roll_back","גלגול לאחור עם מוט (Roll Back with Bar)","Roll Back on Cadillac","קאדילק (Cadillac)","מתחילים","בהתאמה (טיוטה)","כפיפה תחת עומס — ראש על המזרן, טווח קטן","בהתאמה (טיוטה)","הרמת ראש — להשאיר ראש על המזרן או בתמיכה","מתאים (טיוטה)","","להימנע (טיוטה)","כפיפת עמוד שדרה תחת עומס — סיכון לשבר דחיסה","להימנע (טיוטה)","כפיפת בטן עם הרמת ראש — עומס על קו האמצע","להימנע (טיוטה)","כפיפת בטן עם הרמת ראש — עומס על קו האמצע (דיאסטזיס)",""
"cadillac_tower","תרגיל המגדל (The Tower)","The Tower","קאדילק (Cadillac)","מתקדם","להימנע (טיוטה)","היפוך ועומס על עמוד השדרה","להימנע (טיוטה)","עומס משקל הגוף על הצוואר והכתפיים","מתאים (טיוטה)","","להימנע (טיוטה)","היפוך וכפיפה תחת עומס — סיכון לשבר דחיסה","להימנע (טיוטה)","היפוך — לא מומלץ בהריון","להימנע (טיוטה)","היפוך — לחץ תוך-בטני גבוה",""
"chair_swan","סוואן על הכיסא (Swan on Chair)","Swan on Wunda Chair","כיסא (Wunda Chair)","בינוני","בהתאמה (טיוטה)","יישור בשכיבה על הבטן — טווח קטן","בהתאמה (טיוטה)","יישור בשכיבה על הבטן — צוואר ארוך, מבט לרצפה","מתאים (טיוטה)","","מתאים (טיוטה)","","להימנע (טיוטה)","שכיבה על הבטן","בהתאמה (טיוטה)","שכיבה על הבטן — רגישות בחזה בתקופת הנקה",""
"chair_pushups","שכיבות סמיכה בכיסא (Chair Push Ups)","Wunda Chair Pushups","כיסא (Wunda Chair)","מתקדם","בהתאמה (טיוטה)","פלאנק — לשמור אגן ניטרלי, לקצר זמן","בהתאמה (טיוטה)","נשיאת משקל על הידיים — גרסה מקוצרת או על הברכיים","מתאים (טיוטה)","","מתאים (טיוטה)","","בהתאמה (טיוטה)","פלאנק — קצר או על הברכיים, לשים לב להתבלטות הבטן","להימנע (טיוטה)","פלאנק מלא — לחץ תוך-בטני; להתחיל מגרסה על הברכיים",""
"props_magic_circle_thighs","לחיצת ירכיים עם חישוק (Inner Thigh Squeeze)","Magic Circle Squeeze","עזרים (Props)","מתחילים","מתאים (טיוטה)","","מתאים (טיוטה)","","מתאים (טיוטה)","","מתאים (טיוטה)","","מתאים (טיוטה)","","מתאים (טיוטה)","",""
"props_bridge_ball","גשר עם כדור קטן (Bridge with Mini Ball)","Mini Ball Pelvic Bridge","עזרים (Props)","מתחילים","מתאים (טיוטה)","","מתאים (טיוטה)","","מתאים (טיוטה)","","מתאים (טיוטה)","","בהתאמה (טיוטה)","שכיבה על הגב — אחרי השליש הראשון לקצר או להגביה את פלג הגוף העליון","מתאים (טיוטה)","",""
"mat_0_1","עיגולי רגל בודדת","Single Leg Circle","מזרן (Mat)","בינוני","מתאים (טיוטה)","","מתאים (טיוטה)","","מתאים (טיוטה)","","מתאים (טיוטה)","","בהתאמה (טיוטה)","שכיבה על הגב — אחרי השליש הראשון לקצר או להגביה את פלג הגוף העליון","מתאים (טיוטה)","",""
"reformer_1_1","שורות (Rowing 1)","Rowing Series 1","רפורמר (Reformer)","בינוני","מתאים (טיוטה)","","מתאים (טיוטה)","","מתאים (טיוטה)","","מתאים (טיוטה)","","מתאים (טיוטה)","","מתאים (טיוטה)","",""
"cadillac_2_1","מתיחת עמוד שדרה עם מוט גלגול","Roll Down with Poles","קדילק (Cadillac)","מתחילים","בהתאמה (טיוטה)","כפיפה קדימה — טווח מבוקר, בלי לדחוף","מתאים (טיוטה)","","מתאים (טיוטה)","","להימנע (טיוטה)","כפיפה קדימה — להחליף בהארכה של עמוד השדרה","מתאים (טיוטה)","","בהתאמה (טיוטה)","כפיפה — טווח מבוקר עם נשיפה",""
"chair_3_1","עלייה קדמית (Going Up Front)","Going Up Front","כיסא וונדה (Wunda Chair)","מתקדם","מתאים (טיוטה)","","מתאים (טיוטה)","","בהתאמה (טיוטה)","כפיפת ברך תחת עומס — טווח ללא כאב, קפיצים קלים","מתאים (טיוטה)","","מתאים (טיוטה)","","מתאים (טיוטה)","",""
"props_4_1","חימום עמוד שדרה על גליל קצף","Foam Roller Spine Warm-Up","אביזרים (Props)","בינוני","מתאים (טיוטה)","","מתאים (טיוטה)","","מתאים (טיוטה)","","בהתאמה (טיוטה)","שיווי משקל — לעבוד ליד תמיכה (סיכון לנפילה)","בהתאמה (טיוטה)","שינויי שיווי משקל — לעבוד ליד תמיכה","מתאים (טיוטה)","",""
"mat_5_1","קורקסקרו","Corkscrew","מזרן (Mat)","מתקדם","להימנע (טיוטה)","היפוך ועומס על עמוד השדרה; סיבוב — טווח קטן עם אגן יציב","להימנע (טיוטה)","עומס משקל הגוף על הצוואר והכתפיים","מתאים (טיוטה)","","להימנע (טיוטה)","היפוך וכפיפה תחת עומס — סיכון לשבר דחיסה; סיבוב — טווח קטן עם עמוד שדרה ארוך, בלי כפיפה","להימנע (טיוטה)","היפוך — לא מומלץ בהריון; סיבוב — טווח קטן, בלי כפיפה","להימנע (טיוטה)","היפוך — לחץ תוך-בטני גבוה; סיבוב — טווח קטן עם הפעלת בטן עמוקה",""
"reformer_6_1","הרמת אגן על הרפורמר","Pelvic Lift on Reformer","רפורמר (Reformer)","מתחילים","מתאים (טיוטה)","","מתאים (טיוטה)","","מתאים (טיוטה)","","מתאים (טיוטה)","","בהתאמה (טיוטה)","שכיבה על הגב — אחרי השליש הראשון לקצר או להגביה את פלג הגוף העליון","מתאים (טיוטה)","",""
"cadillac_7_1","קפיצי רגליים - צפרדע","Leg Springs - Frog","קדילק (Cadillac)","בינוני","מתאים (טיוטה)","","מתאים (טיוטה)","","בהתאמה (טיוטה)","כפיפת ברך תחת עומס — טווח ללא כאב, קפיצים קלים","מתאים (טיוטה)","","בהתאמה (טיוטה)","שכיבה על הגב — אחרי השליש הראשון לקצר או להגביה את פלג הגוף העליון","מתאים (טיוטה)","",""
"chair_8_1","מתיחת אכילס בעמידה","Achilles Stretch","כיסא וונדה (Wunda Chair)","מתקדם","מתאים (טיוטה)","","מתאים (טיוטה)","","בהתאמה (טיוטה)","כפיפת ברך תחת עומס — טווח ללא כאב, קפיצים קלים","מתאים (טיוטה)","","מתאים (טיוטה)","","מתאים (טיוטה)","",""
"props_9_1","סדרת רצועה - חתירה","Resistance Band Row Series","אביזרים (Props)","מתחילים","מתאים (טיוטה)","","מתאים (טיוטה)","","מתאים (טיוטה)","","מתאים (טיוטה)","","מתאים (טיוטה)","","מתאים (טיוטה)","",""
"mat_10_1","סיל (הכדור)","Seal","מזרן (Mat)","בינוני","להימנע (טיוטה)","גלגול על עמוד השדרה","בהתאמה (טיוטה)","גלגול — להימנע מגלגול אל הצוואר","מתאים (טיוטה)","","להימנע (טיוטה)","גלגול על עמוד השדרה","להימנע (טיוטה)","גלגול על עמוד השדרה","להימנע (טיוטה)","גלגול — עומס על קו האמצע",""
"reformer_11_1","קואורדינציה","Coordination","רפורמר (Reformer)","מתקדם","בהתאמה (טיוטה)","כפיפה תחת עומס — ראש על המזרן, טווח קטן","בהתאמה (טיוטה)","הרמת ראש — להשאיר ראש על המזרן או בתמיכה","מתאים (טיוטה)","","להימנע (טיוטה)","כפיפת עמוד שדרה תחת עומס — סיכון לשבר דחיסה","להימנע (טיוטה)","כפיפת בטן עם הרמת ראש — עומס על קו האמצע","להימנע (טיוטה)","כפיפת בטן עם הרמת ראש — עומס על קו האמצע (דיאסטזיס)",""
"cadillac_12_1","נשימה ומתיחה - פתיחת שיעור","Breathing / Airplane Prep","קדילק (Cadillac)","מתחילים","מתאים (טיוטה)","","בהתאמה (טיוטה)","ידיים מעל הראש / תלייה — טווח ללא כאב, התנגדות קלה","מתאים (טיוטה)","","מתאים (טיוטה)","","בהתאמה (טיוטה)","תלייה / ידיים מעל הראש — להעדיף גרסה יציבה; שכיבה על הגב — אחרי השליש הראשון לקצר או להגביה את פלג הגוף העליון","מתאים (טיוטה)","",""
"chair_13_1","טוויסט צד עם ידיים ישרות","Twist with Straight Arms","כיסא וונדה (Wunda Chair)","בינוני","בהתאמה (טיוטה)","סיבוב — טווח קטן עם אגן יציב","מתאים (טיוטה)","","מתאים (טיוטה)","","בהתאמה (טיוטה)","סיבוב — טווח קטן עם עמוד שדרה ארוך, בלי כפיפה","בהתאמה (טיוטה)","סיבוב — טווח קטן, בלי כפיפה","בהתאמה (טיוטה)","סיבוב — טווח קטן עם הפעלת בטן עמוקה",""
"props_14_1","לחיצת עיגול פנימית מתקדמת","Magic Circle - Inner Thigh Press","אביזרים (Props)","מתקדם","מתאים (טיוטה)","","מתאים (טיוטה)","","מתאים (טיוטה)","","מתאים (טיוטה)","","מתאים (טיוטה)","","מתאים (טיוטה)","",""
"mat_15_1","מתיחת עמוד שדרה קדימה","Spine Stretch Forward","מזרן (Mat)","מתחילים","בהתאמה (טיוטה)","כפיפה קדימה — טווח מבוקר, בלי לדחוף","מתאים (טיוטה)","","מתאים (טיוטה)","","להימנע (טיוטה)","כפיפה קדימה — להחליף בהארכה של עמוד השדרה","מתאים (טיוטה)","","בהתאמה (טיוטה)","כפיפה — טווח מבוקר עם נשיפה",""
"reformer_16_1","מתיחת גיד (Tendon Stretch)","Tendon Stretch","רפורמר (Reformer)","בינוני","מתאים (טיוטה)","","מתאים (טיוטה)","","מתאים (טיוטה)","","מתאים (טיוטה)","","מתאים (טיוטה)","","מתאים (טיוטה)","",""
"cadillac_17_1","עליה בעמידה על המוט","Push Through Bar - Going Up","קדילק (Cadillac)","מתקדם","מתאים (טיוטה)","","בהתאמה (טיוטה)","ידיים מעל הראש / תלייה — טווח ללא כאב, התנגדות קלה","בהתאמה (טיוטה)","כפיפת ברך תחת עומס — טווח ללא כאב, קפיצים קלים","מתאים (טיוטה)","","בהתאמה (טיוטה)","תלייה / ידיים מעל הראש — להעדיף גרסה יציבה","מתאים (טיוטה)","",""
"chair_18_1","מתיחת חתול על הכיסא","Cat Stretch on Wunda Chair","כיסא וונדה (Wunda Chair)","מתחילים","מתאים (טיוטה)","","מתאים (טיוטה)","","בהתאמה (טיוטה)","עמידת ברכיים — ריפוד מתחת לברכיים או חלופה","מתאים (טיוטה)","","מתאים (טיוטה)","","מתאים (טיוטה)","",""
"props_19_1","גשר עם כדור קטן - סדרה מלאה","Small Ball Bridge Series","אביזרים (Props)","בינוני","מתאים (טיוטה)","","מתאים (טיוטה)","","מתאים (טיוטה)","","מתאים (טיוטה)","","בהתאמה (טיוטה)","שכיבה על הגב — אחרי השליש הראשון לקצר או להגביה את פלג הגוף העליון","מתאים (טיוטה)","",""
"mat_20_2","חימום עמוד שדרה - חתול/פרה","Spine Warm-Up (Cat-Cow)","מזרן (Mat)","מתחילים","מתאים (טיוטה)","","מתאים (טיוטה)","","בהתאמה (טיוטה)","עמידת ברכיים — ריפוד מתחת לברכיים או חלופה","מתאים (טיוטה)","","מתאים (טיוטה)","","מתאים (טיוטה)","",""
"reformer_21_2","מתיחות ברך (Knee Stretches)","Knee Stretches - Round Back","רפורמר (Reformer)","מתחילים","בהתאמה (טיוטה)","כפיפה תחת עומס — ראש על המזרן, טווח קטן","בהתאמה (טיוטה)","הרמת ראש — להשאיר ראש על המזרן או בתמיכה","בהתאמה (טיוטה)","עמידת ברכיים — ריפוד מתחת לברכיים או חלופה","להימנע (טיוטה)","כפיפת עמוד שדרה תחת עומס — סיכון לשבר דחיסה","להימנע (טיוטה)","כפיפת בטן עם הרמת ראש — עומס על קו האמצע","להימנע (טיוטה)","כפיפת בטן עם הרמת ראש — עומס על קו האמצע (דיאסטזיס)",""
"cadillac_22_2","סדרת רגליים בעמידה - צד","Standing Leg Springs - Side","קדילק (Cadillac)","בינוני","מתאים (טיוטה)","","מתאים (טיוטה)","","מתאים (טיוטה)","","בהתאמה (טיוטה)","שיווי משקל — לעבוד ליד תמיכה (סיכון לנפילה)","בהתאמה (טיוטה)","שכיבה על הגב — אחרי השליש הראשון לקצר או להגביה את פלג הגוף העליון; שינויי שיווי משקל — לעבוד ליד תמיכה","מתאים (טיוטה)","",""
"chair_23_2","מתיחת עמוד שדרה קדימה על הכיסא","Spine Stretch Forward on Chair","כיסא וונדה (Wunda Chair)","מתקדם","בהתאמה (טיוטה)","כפיפה קדימה — טווח מבוקר, בלי לדחוף","מתאים (טיוטה)","","מתאים (טיוטה)","","להימנע (טיוטה)","כפיפה קדימה — להחליף בהארכה של עמוד השדרה","מתאים (טיוטה)","","בהתאמה (טיוטה)","כפיפה — טווח מבוקר עם נשיפה",""
"props_24_2","איזון על גליל קצף","Foam Roller Balance","אביזרים (Props)","מתחילים","מתאים (טיוטה)","","מתאים (טיוטה)","","מתאים (טיוטה)","","בהתאמה (טיוטה)","שיווי משקל — לעבוד ליד תמיכה (סיכון לנפילה)","בהתאמה (טיוטה)","שינויי שיווי משקל — לעבוד ליד תמיכה","מתאים (טיוטה)","",""
"mat_25_2","בעיטה על צד - קדימה ואחורה","Side Kick Series - Front/Back","מזרן (Mat)","בינוני","מתאים (טיוטה)","","מתאים (טיוטה)","","מתאים (טיוטה)","","מתאים (טיוטה)","","מתאים (טיוטה)","","מתאים (טיוטה)","",""
"reformer_26_2","מתיחת עמוד שדרה בישיבה","Reformer Spine Stretch","רפורמר (Reformer)","מתקדם","בהתאמה (טיוטה)","כפיפה קדימה — טווח מבוקר, בלי לדחוף","מתאים (טיוטה)","","מתאים (טיוטה)","","להימנע (טיוטה)","כפיפה קדימה — להחליף בהארכה של עמוד השדרה","מתאים (טיוטה)","","בהתאמה (טיוטה)","כפיפה — טווח מבוקר עם נשיפה",""
"cadillac_27_2","תרגיל הקוף (Monkey)","Monkey","קדילק (Cadillac)","מתחילים","מתאים (טיוטה)","","בהתאמה (טיוטה)","ידיים מעל הראש / תלייה — טווח ללא כאב, התנגדות קלה","מתאים (טיוטה)","","מתאים (טיוטה)","","בהתאמה (טיוטה)","תלייה / ידיים מעל הראש — להעדיף גרסה יציבה","מתאים (טיוטה)","",""
"chair_28_2","לחיצת חזה בישיבה","Seated Chest Press","כיסא וונדה (Wunda Chair)","בינוני","מתאים (טיוטה)","","מתאים (טיוטה)","","מתאים (טיוטה)","","מתאים (טיוטה)","","מתאים (טיוטה)","","מתאים (טיוטה)","",""
"props_29_2","לחיצת עיגול מעל הראש","Magic Circle - Overhead Press","אביזרים (Props)","מתקדם","מתאים (טיוטה)","","בהתאמה (טיוטה)","ידיים מעל הראש / תלייה — טווח ללא כאב, התנגדות קלה","מתאים (טיוטה)","","מתאים (טיוטה)","","בהתאמה (טיוטה)","תלייה / ידיים מעל הראש — להעדיף גרסה יציבה","מתאים (טיוטה)","",""
"mat_30_2","מתיחת רגל בודדת","Single Leg Stretch","מזרן (Mat)","מתחילים","בהתאמה (טיוטה)","כפיפה תחת עומס — ראש על המזרן, טווח קטן","בהתאמה (טיוטה)","הרמת ראש — להשאיר ראש על המזרן או בתמיכה","מתאים (טיוטה)","","להימנע (טיוטה)","כפיפת עמוד שדרה תחת עומס — סיכון לשבר דחיסה","להימנע (טיוטה)","כפיפת בטן עם הרמת ראש — עומס על קו האמצע","להימנע (טיוטה)","כפיפת בטן עם הרמת ראש — עומס על קו האמצע (דיאסטזיס)",""
"reformer_31_2","ריצה על הרפורמר (Running)","Running (Prancing)","רפורמר (Reformer)","בינוני","מתאים (טיוטה)","","מתאים (טיוטה)","","בהתאמה (טיוטה)","כפיפת ברך תחת עומס — טווח ללא כאב, קפיצים קלים","מתאים (טיוטה)","","מתאים (טיוטה)","","מתאים (טיוטה)","",""
"cadillac_32_2","מתיחת חתול על הקדילק","Cat Stretch on Cadillac","קדילק (Cadillac)","מתקדם","מתאים (טיוטה)","","מתאים (טיוטה)","","בהתאמה (טיוטה)","עמידת ברכיים — ריפוד מתחת לברכיים או חלופה","מתאים (טיוטה)","","מתאים (טיוטה)","","מתאים (טיוטה)","",""
"chair_33_2","פרס עליון (Pike) על הכיסא","Pike / Tendon Stretch on Chair","כיסא וונדה (Wunda Chair)","מתחילים","בהתאמה (טיוטה)","פלאנק — לשמור אגן ניטרלי, לקצר זמן","בהתאמה (טיוטה)","נשיאת משקל על הידיים — גרסה מקוצרת או על הברכיים","מתאים (טיוטה)","","מתאים (טיוטה)","","בהתאמה (טיוטה)","פלאנק — קצר או על הברכיים, לשים לב להתבלטות הבטן","להימנע (טיוטה)","פלאנק מלא — לחץ תוך-בטני; להתחיל מגרסה על הברכיים",""
"props_34_2","מתיחת חתול על גליל קצף","Foam Roller Cat-Cow","אביזרים (Props)","בינוני","מתאים (טיוטה)","","מתאים (טיוטה)","","בהתאמה (טיוטה)","עמידת ברכיים — ריפוד מתחת לברכיים או חלופה","בהתאמה (טיוטה)","שיווי משקל — לעבוד ליד תמיכה (סיכון לנפילה)","בהתאמה (טיוטה)","שינויי שיווי משקל — לעבוד ליד תמיכה","מתאים (טיוטה)","",""
"mat_35_2","בעיטה כפולה","Double Leg Kick","מזרן (Mat)","מתקדם","להימנע (טיוטה)","יישור בשכיבה על הבטן — טווח קטן; יישור עמוק של הגב התחתון","בהתאמה (טיוטה)","יישור בשכיבה על הבטן — צוואר ארוך, מבט לרצפה","מתאים (טיוטה)","","בהתאמה (טיוטה)","יישור — טווח מבוקר, בלי עומס חיצוני","להימנע (טיוטה)","שכיבה על הבטן; יישור עמוק — מתיחת דופן הבטן","בהתאמה (טיוטה)","שכיבה על הבטן — רגישות בחזה בתקופת הנקה; יישור — טווח מבוקר",""
"reformer_36_2","פתיחת חזה (Chest Expansion)","Arm Springs - Chest Expansion","רפורמר (Reformer)","מתחילים","מתאים (טיוטה)","","מתאים (טיוטה)","","מתאים (טיוטה)","","מתאים (טיוטה)","","מתאים (טיוטה)","","מתאים (טיוטה)","",""
"cadillac_37_2","טיזר על הקדילק","Teaser on the Cadillac","קדילק (Cadillac)","בינוני","בהתאמה (טיוטה)","כפיפה תחת עומס — ראש על המזרן, טווח קטן","בהתאמה (טיוטה)","הרמת ראש — להשאיר ראש על המזרן או בתמיכה","מתאים (טיוטה)","","להימנע (טיוטה)","כפיפת עמוד שדרה תחת עומס — סיכון לשבר דחיסה","להימנע (טיוטה)","כפיפת בטן עם הרמת ראש — עומס על קו האמצע","להימנע (טיוטה)","כפיפת בטן עם הרמת ראש — עומס על קו האמצע (דיאסטזיס)",""
"chair_38_2","פמפינג רגל בודדת","Single Leg Pumping","כיסא וונדה (Wunda Chair)","מתקדם","מתאים (טיוטה)","","מתאים (טיוטה)","","בהתאמה (טיוטה)","כפיפת ברך תחת עומס — טווח ללא כאב, קפיצים קלים","מתאים (טיוטה)","","מתאים (טיוטה)","","מתאים (טיוטה)","",""
"props_39_2","סדרת רצועה - רגליים בעמידה","Resistance Band Standing Leg Series","אביזרים (Props)","מתחילים","מתאים (טיוטה)","","מתאים (טיוטה)","","מתאים (טיוטה)","","בהתאמה (טיוטה)","שיווי משקל — לעבוד ליד תמיכה (סיכון לנפילה)","בהתאמה (טיוטה)","שינויי שיווי משקל — לעבוד ליד תמיכה","מתאים (טיוטה)","",""
"mat_40_3","רוקר עם רגליים פתוחות","Open Leg Rocker","מזרן (Mat)","מתקדם","להימנע (טיוטה)","גלגול על עמוד השדרה","בהתאמה (טיוטה)","גלגול — להימנע מגלגול אל הצוואר","מתאים (טיוטה)","","להימנע (טיוטה)","גלגול על עמוד השדרה","להימנע (טיוטה)","גלגול על עמוד השדרה","להימנע (טיוטה)","גלגול — עומס על קו האמצע",""
"reformer_41_3","מתיחה ארוכה (Long Stretch)","Long Stretch","רפורמר (Reformer)","מתקדם","בהתאמה (טיוטה)","פלאנק — לשמור אגן ניטרלי, לקצר זמן","בהתאמה (טיוטה)","נשיאת משקל על הידיים — גרסה מקוצרת או על הברכיים","מתאים (טיוטה)","","מתאים (טיוטה)","","בהתאמה (טיוטה)","פלאנק — קצר או על הברכיים, לשים לב להתבלטות הבטן","להימנע (טיוטה)","פלאנק מלא — לחץ תוך-בטני; להתחיל מגרסה על הברכיים",""
"cadillac_42_3","מתיחת גב עם מוט - סיום","Roll Down Closing Stretch","קדילק (Cadillac)","מתחילים","בהתאמה (טיוטה)","כפיפה קדימה — טווח מבוקר, בלי לדחוף","מתאים (טיוטה)","","מתאים (טיוטה)","","להימנע (טיוטה)","כפיפה קדימה — להחליף בהארכה של עמוד השדרה","מתאים (טיוטה)","","בהתאמה (טיוטה)","כפיפה — טווח מבוקר עם נשיפה",""
"chair_43_3","עלייה וירידה מהכיסא (Step)","Step Up/Down","כיסא וונדה (Wunda Chair)","בינוני","מתאים (טיוטה)","","מתאים (טיוטה)","","בהתאמה (טיוטה)","כפיפת ברך תחת עומס — טווח ללא כאב, קפיצים קלים","בהתאמה (טיוטה)","שיווי משקל — לעבוד ליד תמיכה (סיכון לנפילה)","בהתאמה (טיוטה)","שינויי שיווי משקל — לעבוד ליד תמיכה","מתאים (טיוטה)","",""
"props_44_3","סדרת כדור משקל מעל הראש","Weighted Ball Overhead Series","אביזרים (Props)","מתקדם","מתאים (טיוטה)","","בהתאמה (טיוטה)","ידיים מעל הראש / תלייה — טווח ללא כאב, התנגדות קלה","מתאים (טיוטה)","","מתאים (טיוטה)","","בהתאמה (טיוטה)","תלייה / ידיים מעל הראש — להעדיף גרסה יציבה","מתאים (טיוטה)","",""
"mat_45_3","מתיחת רגליים כפולה","Double Leg Stretch","מזרן (Mat)","מתחילים","בהתאמה (טיוטה)","כפיפה תחת עומס — ראש על המזרן, טווח קטן","בהתאמה (טיוטה)","הרמת ראש — להשאיר ראש על המזרן או בתמיכה","מתאים (טיוטה)","","להימנע (טיוטה)","כפיפת עמוד שדרה תחת עומס — סיכון לשבר דחיסה","להימנע (טיוטה)","כפיפת בטן עם הרמת ראש — עומס על קו האמצע","להימנע (טיוטה)","כפיפת בטן עם הרמת ראש — עומס על קו האמצע (דיאסטזיס)",""
"reformer_46_3","סדרת רגל צד (Side Series)","Standing Leg Springs - Side Series","רפורמר (Reformer)","בינוני","מתאים (טיוטה)","","מתאים (טיוטה)","","מתאים (טיוטה)","","בהתאמה (טיוטה)","שיווי משקל — לעבוד ליד תמיכה (סיכון לנפילה)","בהתאמה (טיוטה)","שכיבה על הגב — אחרי השליש הראשון לקצר או להגביה את פלג הגוף העליון; שינויי שיווי משקל — לעבוד ליד תמיכה","מתאים (טיוטה)","",""
"cadillac_47_3","תליה על המוט העליון","Hanging Pull-Up Prep","קדילק (Cadillac)","מתקדם","מתאים (טיוטה)","","בהתאמה (טיוטה)","ידיים מעל הראש / תלייה — טווח ללא כאב, התנגדות קלה","מתאים (טיוטה)","","מתאים (טיוטה)","","בהתאמה (טיוטה)","תלייה / ידיים מעל הראש — להעדיף גרסה יציבה","מתאים (טיוטה)","",""
"chair_48_3","עמידה על רגל אחת עם תמיכה","Single Leg Balance Series","כיסא וונדה (Wunda Chair)","מתחילים","מתאים (טיוטה)","","מתאים (טיוטה)","","מתאים (טיוטה)","","בהתאמה (טיוטה)","שיווי משקל — לעבוד ליד תמיכה (סיכון לנפילה)","בהתאמה (טיוטה)","שינויי שיווי משקל — לעבוד ליד תמיכה","מתאים (טיוטה)","",""
"props_49_3","לחיצת עיגול - חזה ותלת ראשי","Magic Circle - Chest/Tricep Press","אביזרים (Props)","בינוני","מתאים (טיוטה)","","מתאים (טיוטה)","","מתאים (טיוטה)","","מתאים (טיוטה)","","מתאים (טיוטה)","","מתאים (טיוטה)","",""
"mat_50_3","משיכת צוואר","Neck Pull","מזרן (Mat)","מתקדם","בהתאמה (טיוטה)","כפיפה תחת עומס — ראש על המזרן, טווח קטן","בהתאמה (טיוטה)","הרמת ראש — להשאיר ראש על המזרן או בתמיכה","מתאים (טיוטה)","","להימנע (טיוטה)","כפיפת עמוד שדרה תחת עומס — סיכון לשבר דחיסה","להימנע (טיוטה)","כפיפת בטן עם הרמת ראש — עומס על קו האמצע","להימנע (טיוטה)","כפיפת בטן עם הרמת ראש — עומס על קו האמצע (דיאסטזיס)",""
"reformer_51_3","מתיחה עליונה (Up Stretch)","Up Stretch","רפורמר (Reformer)","מתחילים","בהתאמה (טיוטה)","פלאנק — לשמור אגן ניטרלי, לקצר זמן","בהתאמה (טיוטה)","נשיאת משקל על הידיים — גרסה מקוצרת או על הברכיים","מתאים (טיוטה)","","מתאים (טיוטה)","","בהתאמה (טיוטה)","פלאנק — קצר או על הברכיים, לשים לב להתבלטות הבטן","להימנע (טיוטה)","פלאנק מלא — לחץ תוך-בטני; להתחיל מגרסה על הברכיים",""
"cadillac_52_3","פתיחת זרועות בעמידה","Standing Arm Circles","קדילק (Cadillac)","בינוני","מתאים (טיוטה)","","מתאים (טיוטה)","","מתאים (טיוטה)","","בהתאמה (טיוטה)","שיווי משקל — לעבוד ליד תמיכה (סיכון לנפילה)","בהתאמה (טיוטה)","שינויי שיווי משקל — לעבוד ליד תמיכה","מתאים (טיוטה)","",""
"chair_53_3","מתיחת ליבה מתקדמת בישיבה","Advanced Seated Core Press","כיסא וונדה (Wunda Chair)","מתקדם","מתאים (טיוטה)","","מתאים (טיוטה)","","מתאים (טיוטה)","","מתאים (טיוטה)","","מתאים (טיוטה)","","מתאים (טיוטה)","",""
"props_54_3","גשר עם כדור - חיזוק ישבן","Small Ball Glute Bridge","אביזרים (Props)","מתחילים","מתאים (טיוטה)","","מתאים (טיוטה)","","מתאים (טיוטה)","","מתאים (טיוטה)","","בהתאמה (טיוטה)","שכיבה על הגב — אחרי השליש הראשון לקצר או להגביה את פלג הגוף העליון","מתאים (טיוטה)","",""
"mat_55_3","המסור","Saw","מזרן (Mat)","בינוני","בהתאמה (טיוטה)","כפיפה קדימה — טווח מבוקר, בלי לדחוף; סיבוב — טווח קטן עם אגן יציב","מתאים (טיוטה)","","מתאים (טיוטה)","","להימנע (טיוטה)","כפיפה קדימה — להחליף בהארכה של עמוד השדרה; סיבוב — טווח קטן עם עמוד שדרה ארוך, בלי כפיפה","בהתאמה (טיוטה)","סיבוב — טווח קטן, בלי כפיפה","בהתאמה (טיוטה)","כפיפה — טווח מבוקר עם נשיפה; סיבוב — טווח קטן עם הפעלת בטן עמוקה",""
"reformer_56_3","חצי עיגול (Semi-Circle)","Semi-Circle","רפורמר (Reformer)","מתקדם","להימנע (טיוטה)","היפוך ועומס על עמוד השדרה","להימנע (טיוטה)","עומס משקל הגוף על הצוואר והכתפיים","מתאים (טיוטה)","","להימנע (טיוטה)","היפוך וכפיפה תחת עומס — סיכון לשבר דחיסה","להימנע (טיוטה)","היפוך — לא מומלץ בהריון","להימנע (טיוטה)","היפוך — לחץ תוך-בטני גבוה",""
"cadillac_57_3","עיגולי זרוע (Arm Circles) עם קפיצים","Arm Springs - Circles","קדילק (Cadillac)","מתחילים","מתאים (טיוטה)","","מתאים (טיוטה)","","מתאים (טיוטה)","","מתאים (טיוטה)","","מתאים (טיוטה)","","מתאים (טיוטה)","",""
"chair_58_3","מרמייד על הכיסא","Mermaid on the Chair","כיסא וונדה (Wunda Chair)","בינוני","מתאים (טיוטה)","","מתאים (טיוטה)","","מתאים (טיוטה)","","מתאים (טיוטה)","","מתאים (טיוטה)","","מתאים (טיוטה)","",""
"props_59_3","פלאנק עם כדור מתחת לידיים","Small Ball Plank Push-Up","אביזרים (Props)","מתקדם","בהתאמה (טיוטה)","פלאנק — לשמור אגן ניטרלי, לקצר זמן","בהתאמה (טיוטה)","נשיאת משקל על הידיים — גרסה מקוצרת או על הברכיים","מתאים (טיוטה)","","מתאים (טיוטה)","","בהתאמה (טיוטה)","פלאנק — קצר או על הברכיים, לשים לב להתבלטות הבטן","להימנע (טיוטה)","פלאנק מלא — לחץ תוך-בטני; להתחיל מגרסה על הברכיים",""
"mat_60_4","שעון האגן","Pelvic Clock","מזרן (Mat)","מתחילים","מתאים (טיוטה)","","מתאים (טיוטה)","","מתאים (טיוטה)","","מתאים (טיוטה)","","בהתאמה (טיוטה)","שכיבה על הגב — אחרי השליש הראשון לקצר או להגביה את פלג הגוף העליון","מתאים (טיוטה)","",""
"reformer_61_4","מתיחת ברך - גב קמור","Knee Stretches - Arched Back","רפורמר (Reformer)","בינוני","להימנע (טיוטה)","יישור עמוק של הגב התחתון","מתאים (טיוטה)","","בהתאמה (טיוטה)","עמידת ברכיים — ריפוד מתחת לברכיים או חלופה","בהתאמה (טיוטה)","יישור — טווח מבוקר, בלי עומס חיצוני","להימנע (טיוטה)","יישור עמוק — מתיחת דופן הבטן","בהתאמה (טיוטה)","יישור — טווח מבוקר",""
"cadillac_62_4","קפיצי רגל צד בשכיבה","Side Leg Springs Lying","קדילק (Cadillac)","מתקדם","מתאים (טיוטה)","","מתאים (טיוטה)","","מתאים (טיוטה)","","מתאים (טיוטה)","","בהתאמה (טיוטה)","שכיבה על הגב — אחרי השליש הראשון לקצר או להגביה את פלג הגוף העליון","מתאים (טיוטה)","",""
"chair_63_4","סיבוב עמוד שדרה בישיבה על הכיסא","Spine Twist Seated on Chair","כיסא וונדה (Wunda Chair)","מתחילים","בהתאמה (טיוטה)","סיבוב — טווח קטן עם אגן יציב","מתאים (טיוטה)","","מתאים (טיוטה)","","בהתאמה (טיוטה)","סיבוב — טווח קטן עם עמוד שדרה ארוך, בלי כפיפה","בהתאמה (טיוטה)","סיבוב — טווח קטן, בלי כפיפה","בהתאמה (טיוטה)","סיבוב — טווח קטן עם הפעלת בטן עמוקה",""
"props_64_4","איזון סקוואט על גליל קצף","Foam Roller Standing Squat Balance","אביזרים (Props)","בינוני","מתאים (טיוטה)","","מתאים (טיוטה)","","בהתאמה (טיוטה)","כפיפת ברך תחת עומס — טווח ללא כאב, קפיצים קלים","בהתאמה (טיוטה)","שיווי משקל — לעבוד ליד תמיכה (סיכון לנפילה)","בהתאמה (טיוטה)","שינויי שיווי משקל — לעבוד ליד תמיכה","מתאים (טיוטה)","",""
"mat_65_4","משיכת רגל קדמית","Leg Pull Front (Front Support)","מזרן (Mat)","מתקדם","בהתאמה (טיוטה)","פלאנק — לשמור אגן ניטרלי, לקצר זמן","בהתאמה (טיוטה)","נשיאת משקל על הידיים — גרסה מקוצרת או על הברכיים","מתאים (טיוטה)","","מתאים (טיוטה)","","בהתאמה (טיוטה)","פלאנק — קצר או על הברכיים, לשים לב להתבלטות הבטן","להימנע (טיוטה)","פלאנק מלא — לחץ תוך-בטני; להתחיל מגרסה על הברכיים",""
"reformer_66_4","מרמייד על הרפורמר","Mermaid on Reformer","רפורמר (Reformer)","מתחילים","מתאים (טיוטה)","","מתאים (טיוטה)","","מתאים (טיוטה)","","מתאים (טיוטה)","","מתאים (טיוטה)","","מתאים (טיוטה)","",""
"cadillac_67_4","קפיצי רגליים - אופניים","Leg Springs - Bicycle","קדילק (Cadillac)","בינוני","מתאים (טיוטה)","","מתאים (טיוטה)","","מתאים (טיוטה)","","מתאים (טיוטה)","","בהתאמה (טיוטה)","שכיבה על הגב — אחרי השליש הראשון לקצר או להגביה את פלג הגוף העליון","מתאים (טיוטה)","",""
"chair_68_4","פתיחת חזה בעמידה על הכיסא","Standing Chest Expansion","כיסא וונדה (Wunda Chair)","מתקדם","מתאים (טיוטה)","","מתאים (טיוטה)","","מתאים (טיוטה)","","בהתאמה (טיוטה)","שיווי משקל — לעבוד ליד תמיכה (סיכון לנפילה)","בהתאמה (טיוטה)","שינויי שיווי משקל — לעבוד ליד תמיכה","מתאים (טיוטה)","",""
"props_69_4","סדרת הנהון ראש עם כדור קטן","Small Ball Head Nod Series","אביזרים (Props)","מתחילים","מתאים (טיוטה)","","מתאים (טיוטה)","","מתאים (טיוטה)","","מתאים (טיוטה)","","בהתאמה (טיוטה)","שכיבה על הגב — אחרי השליש הראשון לקצר או להגביה את פלג הגוף העליון","מתאים (טיוטה)","",""
"mat_70_4","גשר כתפיים","Shoulder Bridge","מזרן (Mat)","בינוני","מתאים (טיוטה)","","מתאים (טיוטה)","","מתאים (טיוטה)","","מתאים (טיוטה)","","בהתאמה (טיוטה)","שכיבה על הגב — אחרי השליש הראשון לקצר או להגביה את פלג הגוף העליון","מתאים (טיוטה)","",""
"reformer_71_4","ספליט קדמי","Front Splits","רפורמר (Reformer)","מתקדם","מתאים (טיוטה)","","מתאים (טיוטה)","","בהתאמה (טיוטה)","כפיפת ברך תחת עומס — טווח ללא כאב, קפיצים קלים","מתאים (טיוטה)","","מתאים (טיוטה)","","מתאים (טיוטה)","",""
"cadillac_72_4","איזון בעמידה על בסיס הקדילק","Standing Balance on Cadillac Base","קדילק (Cadillac)","מתחילים","מתאים (טיוטה)","","מתאים (טיוטה)","","מתאים (טיוטה)","","בהתאמה (טיוטה)","שיווי משקל — לעבוד ליד תמיכה (סיכון לנפילה)","בהתאמה (טיוטה)","שינויי שיווי משקל — לעבוד ליד תמיכה","מתאים (טיוטה)","",""
"chair_73_4","עליה בעזרת ידיות הכיסא","Pull-Up on Chair Handles","כיסא וונדה (Wunda Chair)","בינוני","מתאים (טיוטה)","","בהתאמה (טיוטה)","ידיים מעל הראש / תלייה — טווח ללא כאב, התנגדות קלה","מתאים (טיוטה)","","מתאים (טיוטה)","","בהתאמה (טיוטה)","תלייה / ידיים מעל הראש — להעדיף גרסה יציבה","מתאים (טיוטה)","",""
"props_74_4","מתיחת המסטרינגס עם רצועה","Resistance Band Hamstring Stretch","אביזרים (Props)","מתקדם","מתאים (טיוטה)","","מתאים (טיוטה)","","מתאים (טיוטה)","","מתאים (טיוטה)","","מתאים (טיוטה)","","מתאים (טיוטה)","",""
"mat_75_4","גלגול עמידה","Standing Roll Down","מזרן (Mat)","מתחילים","בהתאמה (טיוטה)","כפיפה קדימה — טווח מבוקר, בלי לדחוף","מתאים (טיוטה)","","מתאים (טיוטה)","","להימנע (טיוטה)","כפיפה קדימה — להחליף בהארכה של עמוד השדרה; שיווי משקל — לעבוד ליד תמיכה (סיכון לנפילה)","בהתאמה (טיוטה)","שינויי שיווי משקל — לעבוד ליד תמיכה","בהתאמה (טיוטה)","כפיפה — טווח מבוקר עם נשיפה",""
"reformer_76_4","עיגולי זרוע בכריעה","Kneeling Arm Circles","רפורמר (Reformer)","בינוני","מתאים (טיוטה)","","מתאים (טיוטה)","","בהתאמה (טיוטה)","עמידת ברכיים — ריפוד מתחת לברכיים או חלופה","מתאים (טיוטה)","","מתאים (טיוטה)","","מתאים (טיוטה)","",""
"cadillac_77_4","דחיפה הפוכה במוט","Push Through Bar - Reverse Push Through","קדילק (Cadillac)","מתקדם","מתאים (טיוטה)","","בהתאמה (טיוטה)","ידיים מעל הראש / תלייה — טווח ללא כאב, התנגדות קלה","מתאים (טיוטה)","","מתאים (טיוטה)","","בהתאמה (טיוטה)","תלייה / ידיים מעל הראש — להעדיף גרסה יציבה","מתאים (טיוטה)","",""
"chair_78_4","כיפוף המסטרינגס עדין","Hamstring Curl on Chair","כיסא וונדה (Wunda Chair)","מתחילים","מתאים (טיוטה)","","מתאים (טיוטה)","","מתאים (טיוטה)","","מתאים (טיוטה)","","מתאים (טיוטה)","","מתאים (טיוטה)","",""
"props_79_4","הרחבת בית החזה על גליל קצף","Foam Roller Thoracic Extension","אביזרים (Props)","בינוני","מתאים (טיוטה)","","מתאים (טיוטה)","","מתאים (טיוטה)","","בהתאמה (טיוטה)","שיווי משקל — לעבוד ליד תמיכה (סיכון לנפילה)","בהתאמה (טיוטה)","שינויי שיווי משקל — לעבוד ליד תמיכה","מתאים (טיוטה)","",""
"mat_80_5","גלגול ככדור","Rolling Like a Ball","מזרן (Mat)","מתקדם","להימנע (טיוטה)","גלגול על עמוד השדרה","בהתאמה (טיוטה)","גלגול — להימנע מגלגול אל הצוואר","מתאים (טיוטה)","","להימנע (טיוטה)","גלגול על עמוד השדרה","להימנע (טיוטה)","גלגול על עמוד השדרה","להימנע (טיוטה)","גלגול — עומס על קו האמצע",""
"reformer_81_5","קופסה ארוכה - משיכת רצועות","Long Box - Pulling Straps","רפורמר (Reformer)","מתחילים","בהתאמה (טיוטה)","יישור בשכיבה על הבטן — טווח קטן","בהתאמה (טיוטה)","יישור בשכיבה על הבטן — צוואר ארוך, מבט לרצפה","מתאים (טיוטה)","","מתאים (טיוטה)","","להימנע (טיוטה)","שכיבה על הבטן","בהתאמה (טיוטה)","שכיבה על הבטן — רגישות בחזה בתקופת הנקה",""
"cadillac_82_5","גלגול מטה עם קפיצי זרוע","Roll Down with Arm Springs","קדילק (Cadillac)","בינוני","בהתאמה (טיוטה)","כפיפה קדימה — טווח מבוקר, בלי לדחוף","מתאים (טיוטה)","","מתאים (טיוטה)","","להימנע (טיוטה)","כפיפה קדימה — להחליף בהארכה של עמוד השדרה","מתאים (טיוטה)","","בהתאמה (טיוטה)","כפיפה — טווח מבוקר עם נשיפה",""
"chair_83_5","עלייה צידית","Going Up Side","כיסא וונדה (Wunda Chair)","מתקדם","מתאים (טיוטה)","","מתאים (טיוטה)","","בהתאמה (טיוטה)","כפיפת ברך תחת עומס — טווח ללא כאב, קפיצים קלים","מתאים (טיוטה)","","מתאים (טיוטה)","","מתאים (טיוטה)","",""
"props_84_5","פרפר חזה עם רצועה בעמידה","Resistance Band Standing Chest Fly","אביזרים (Props)","מתחילים","מתאים (טיוטה)","","מתאים (טיוטה)","","מתאים (טיוטה)","","בהתאמה (טיוטה)","שיווי משקל — לעבוד ליד תמיכה (סיכון לנפילה)","בהתאמה (טיוטה)","שינויי שיווי משקל — לעבוד ליד תמיכה","מתאים (טיוטה)","",""
"mat_85_5","קריס קרוס","Criss Cross","מזרן (Mat)","בינוני","בהתאמה (טיוטה)","כפיפה תחת עומס — ראש על המזרן, טווח קטן; סיבוב — טווח קטן עם אגן יציב","בהתאמה (טיוטה)","הרמת ראש — להשאיר ראש על המזרן או בתמיכה","מתאים (טיוטה)","","להימנע (טיוטה)","כפיפת עמוד שדרה תחת עומס — סיכון לשבר דחיסה; סיבוב — טווח קטן עם עמוד שדרה ארוך, בלי כפיפה","להימנע (טיוטה)","כפיפת בטן עם הרמת ראש — עומס על קו האמצע; סיבוב — טווח קטן, בלי כפיפה","להימנע (טיוטה)","כפיפת בטן עם הרמת ראש — עומס על קו האמצע (דיאסטזיס); סיבוב — טווח קטן עם הפעלת בטן עמוקה",""
"reformer_86_5","עיסוי בטן - גב מעוגל","Stomach Massage - Round Back","רפורמר (Reformer)","מתקדם","בהתאמה (טיוטה)","כפיפה תחת עומס — ראש על המזרן, טווח קטן; כפיפה קדימה — טווח מבוקר, בלי לדחוף","בהתאמה (טיוטה)","הרמת ראש — להשאיר ראש על המזרן או בתמיכה","מתאים (טיוטה)","","להימנע (טיוטה)","כפיפת עמוד שדרה תחת עומס — סיכון לשבר דחיסה; כפיפה קדימה — להחליף בהארכה של עמוד השדרה","להימנע (טיוטה)","כפיפת בטן עם הרמת ראש — עומס על קו האמצע","להימנע (טיוטה)","כפיפת בטן עם הרמת ראש — עומס על קו האמצע (דיאסטזיס); כפיפה — טווח מבוקר עם נשיפה",""
"cadillac_87_5","מתיחת עמוד שדרה עם מוט גלגול נמוך","Roll-Back Bar Spine Stretch","קדילק (Cadillac)","מתחילים","בהתאמה (טיוטה)","כפיפה קדימה — טווח מבוקר, בלי לדחוף","מתאים (טיוטה)","","מתאים (טיוטה)","","להימנע (טיוטה)","כפיפה קדימה — להחליף בהארכה של עמוד השדרה","מתאים (טיוטה)","","בהתאמה (טיוטה)","כפיפה — טווח מבוקר עם נשיפה",""
"chair_88_5","סדרת איזון עם דחיפת פדל","Chair Balance Push-Down Series","כיסא וונדה (Wunda Chair)","בינוני","מתאים (טיוטה)","","מתאים (טיוטה)","","מתאים (טיוטה)","","בהתאמה (טיוטה)","שיווי משקל — לעבוד ליד תמיכה (סיכון לנפילה)","בהתאמה (טיוטה)","שינויי שיווי משקל — לעבוד ליד תמיכה","מתאים (טיוטה)","",""
"props_89_5","שכיבת סמיכה עם עיגול קסם","Magic Circle Pilates Push-Up","אביזרים (Props)","מתקדם","בהתאמה (טיוטה)","פלאנק — לשמור אגן ניטרלי, לקצר זמן","בהתאמה (טיוטה)","נשיאת משקל על הידיים — גרסה מקוצרת או על הברכיים","מתאים (טיוטה)","","מתאים (טיוטה)","","בהתאמה (טיוטה)","פלאנק — קצר או על הברכיים, לשים לב להתבלטות הבטן","להימנע (טיוטה)","פלאנק מלא — לחץ תוך-בטני; להתחיל מגרסה על הברכיים",""
"mat_90_5","סיבוב עמוד שדרה בישיבה","Spine Twist","מזרן (Mat)","מתחילים","בהתאמה (טיוטה)","סיבוב — טווח קטן עם אגן יציב","מתאים (טיוטה)","","מתאים (טיוטה)","","בהתאמה (טיוטה)","סיבוב — טווח קטן עם עמוד שדרה ארוך, בלי כפיפה","בהתאמה (טיוטה)","סיבוב — טווח קטן, בלי כפיפה","בהתאמה (טיוטה)","סיבוב — טווח קטן עם הפעלת בטן עמוקה",""
"reformer_91_5","שורות 2 (Rowing 2)","Rowing Series 2","רפורמר (Reformer)","בינוני","מתאים (טיוטה)","","מתאים (טיוטה)","","מתאים (טיוטה)","","מתאים (טיוטה)","","מתאים (טיוטה)","","מתאים (טיוטה)","",""
"cadillac_92_5","אגרוף עם קפיצי זרוע","Arm Springs - Boxing","קדילק (Cadillac)","מתקדם","מתאים (טיוטה)","","מתאים (טיוטה)","","מתאים (טיוטה)","","מתאים (טיוטה)","","מתאים (טיוטה)","","מתאים (טיוטה)","",""
"chair_93_5","הכנה לטיזר על הכיסא","Teaser Prep on Chair","כיסא וונדה (Wunda Chair)","מתחילים","בהתאמה (טיוטה)","כפיפה תחת עומס — ראש על המזרן, טווח קטן","בהתאמה (טיוטה)","הרמת ראש — להשאיר ראש על המזרן או בתמיכה","מתאים (טיוטה)","","להימנע (טיוטה)","כפיפת עמוד שדרה תחת עומס — סיכון לשבר דחיסה","להימנע (טיוטה)","כפיפת בטן עם הרמת ראש — עומס על קו האמצע","להימנע (טיוטה)","כפיפת בטן עם הרמת ראש — עומס על קו האמצע (דיאסטזיס)",""
"props_94_5","בעיטת צד בין קרסוליים עם עיגול","Magic Circle Between Ankles Side Kick","אביזרים (Props)","בינוני","מתאים (טיוטה)","","מתאים (טיוטה)","","מתאים (טיוטה)","","מתאים (טיוטה)","","מתאים (טיוטה)","","מתאים (טיוטה)","",""
"mat_95_5","שחייה","Swimming","מזרן (Mat)","מתקדם","בהתאמה (טיוטה)","יישור בשכיבה על הבטן — טווח קטן","בהתאמה (טיוטה)","יישור בשכיבה על הבטן — צוואר ארוך, מבט לרצפה","מתאים (טיוטה)","","מתאים (טיוטה)","","להימנע (טיוטה)","שכיבה על הבטן","בהתאמה (טיוטה)","שכיבה על הבטן — רגישות בחזה בתקופת הנקה",""
"reformer_96_5","ספליט צד עדין","Standing Splits Side (Gentle)","רפורמר (Reformer)","מתחילים","מתאים (טיוטה)","","מתאים (טיוטה)","","בהתאמה (טיוטה)","כפיפת ברך תחת עומס — טווח ללא כאב, קפיצים קלים","בהתאמה (טיוטה)","שיווי משקל — לעבוד ליד תמיכה (סיכון לנפילה)","בהתאמה (טיוטה)","שינויי שיווי משקל — לעבוד ליד תמיכה","מתאים (טיוטה)","",""
"cadillac_97_5","מגש הגשה עם קפיצי זרוע","Arm Springs - Serving Tray","קדילק (Cadillac)","בינוני","מתאים (טיוטה)","","מתאים (טיוטה)","","מתאים (טיוטה)","","מתאים (טיוטה)","","מתאים (טיוטה)","","מתאים (טיוטה)","",""
"chair_98_5","שכיבת סמיכה הפוכה על הכיסא","Reverse Push-Up on Chair","כיסא וונדה (Wunda Chair)","מתקדם","בהתאמה (טיוטה)","פלאנק — לשמור אגן ניטרלי, לקצר זמן","בהתאמה (טיוטה)","נשיאת משקל על הידיים — גרסה מקוצרת או על הברכיים","מתאים (טיוטה)","","מתאים (טיוטה)","","בהתאמה (טיוטה)","פלאנק — קצר או על הברכיים, לשים לב להתבלטות הבטן","להימנע (טיוטה)","פלאנק מלא — לחץ תוך-בטני; להתחיל מגרסה על הברכיים",""
"props_99_5","כפיפת צד עם עיגול מעל הראש","Magic Circle Overhead Side Bend","אביזרים (Props)","מתחילים","מתאים (טיוטה)","","בהתאמה (טיוטה)","ידיים מעל הראש / תלייה — טווח ללא כאב, התנגדות קלה","מתאים (טיוטה)","","מתאים (טיוטה)","","בהתאמה (טיוטה)","תלייה / ידיים מעל הראש — להעדיף גרסה יציבה","מתאים (טיוטה)","",""
"mat_100_6","פתיחת ברבור","Swan Prep","מזרן (Mat)","בינוני","בהתאמה (טיוטה)","יישור בשכיבה על הבטן — טווח קטן","בהתאמה (טיוטה)","יישור בשכיבה על הבטן — צוואר ארוך, מבט לרצפה","מתאים (טיוטה)","","מתאים (טיוטה)","","להימנע (טיוטה)","שכיבה על הבטן","בהתאמה (טיוטה)","שכיבה על הבטן — רגישות בחזה בתקופת הנקה",""
"reformer_101_6","שחיית גב","Backstroke","רפורמר (Reformer)","מתקדם","מתאים (טיוטה)","","מתאים (טיוטה)","","מתאים (טיוטה)","","מתאים (טיוטה)","","בהתאמה (טיוטה)","שכיבה על הגב — אחרי השליש הראשון לקצר או להגביה את פלג הגוף העליון","מתאים (טיוטה)","",""
"cadillac_102_6","עיגולי רגל עם קפיצים","Leg Springs - Circles","קדילק (Cadillac)","מתחילים","מתאים (טיוטה)","","מתאים (טיוטה)","","מתאים (טיוטה)","","מתאים (טיוטה)","","בהתאמה (טיוטה)","שכיבה על הגב — אחרי השליש הראשון לקצר או להגביה את פלג הגוף העליון","מתאים (טיוטה)","",""
"chair_103_6","צפרדע על הכיסא","Frog on Chair","כיסא וונדה (Wunda Chair)","בינוני","מתאים (טיוטה)","","מתאים (טיוטה)","","בהתאמה (טיוטה)","כפיפת ברך תחת עומס — טווח ללא כאב, קפיצים קלים","מתאים (טיוטה)","","מתאים (טיוטה)","","מתאים (טיוטה)","",""
"props_104_6","איזון רגל בודדת עם הישענות על גליל","Foam Roller Single Leg Balance Reach","אביזרים (Props)","מתקדם","מתאים (טיוטה)","","מתאים (טיוטה)","","מתאים (טיוטה)","","בהתאמה (טיוטה)","שיווי משקל — לעבוד ליד תמיכה (סיכון לנפילה)","בהתאמה (טיוטה)","שינויי שיווי משקל — לעבוד ליד תמיכה","מתאים (טיוטה)","",""
"mat_105_6","הכנה לשכיבות סמיכה","Push-Up Prep on Knees","מזרן (Mat)","מתחילים","מתאים (טיוטה)","","מתאים (טיוטה)","","בהתאמה (טיוטה)","עמידת ברכיים — ריפוד מתחת לברכיים או חלופה","מתאים (טיוטה)","","מתאים (טיוטה)","","בהתאמה (טיוטה)","נשיאת משקל קלה — לשים לב להתבלטות הבטן ולרצפת האגן",""
"reformer_106_6","מתיחה יורדת (Down Stretch)","Down Stretch","רפורמר (Reformer)","בינוני","בהתאמה (טיוטה)","פלאנק — לשמור אגן ניטרלי, לקצר זמן","בהתאמה (טיוטה)","נשיאת משקל על הידיים — גרסה מקוצרת או על הברכיים","מתאים (טיוטה)","","מתאים (טיוטה)","","בהתאמה (טיוטה)","פלאנק — קצר או על הברכיים, לשים לב להתבלטות הבטן","להימנע (טיוטה)","פלאנק מלא — לחץ תוך-בטני; להתחיל מגרסה על הברכיים",""
"cadillac_107_6","נדנוד על הטרפז","Hanging Trapeze Swing","קדילק (Cadillac)","מתקדם","להימנע (טיוטה)","היפוך ועומס על עמוד השדרה","להימנע (טיוטה)","עומס משקל הגוף על הצוואר והכתפיים; ידיים מעל הראש / תלייה — טווח ללא כאב, התנגדות קלה","מתאים (טיוטה)","","להימנע (טיוטה)","היפוך וכפיפה תחת עומס — סיכון לשבר דחיסה","להימנע (טיוטה)","היפוך — לא מומלץ בהריון; תלייה / ידיים מעל הראש — להעדיף גרסה יציבה","להימנע (טיוטה)","היפוך — לחץ תוך-בטני גבוה",""
"chair_108_6","הרמות עקב על הפדל","Calf Raise Series on Chair Pedal","כיסא וונדה (Wunda Chair)","מתחילים","מתאים (טיוטה)","","מתאים (טיוטה)","","מתאים (טיוטה)","","מתאים (טיוטה)","","מתאים (טיוטה)","","מתאים (טיוטה)","",""
"props_109_6","טוויסט רוסי עם כדור משקל","Weighted Ball Russian Twist","אביזרים (Props)","בינוני","בהתאמה (טיוטה)","סיבוב — טווח קטן עם אגן יציב","מתאים (טיוטה)","","מתאים (טיוטה)","","בהתאמה (טיוטה)","סיבוב — טווח קטן עם עמוד שדרה ארוך, בלי כפיפה","בהתאמה (טיוטה)","סיבוב — טווח קטן, בלי כפיפה","בהתאמה (טיוטה)","סיבוב — טווח קטן עם הפעלת בטן עמוקה",""
"mat_110_6","משיכת רגל אחורית","Leg Pull Back (Reverse Plank)","מזרן (Mat)","מתקדם","בהתאמה (טיוטה)","פלאנק — לשמור אגן ניטרלי, לקצר זמן","בהתאמה (טיוטה)","נשיאת משקל על הידיים — גרסה מקוצרת או על הברכיים","מתאים (טיוטה)","","מתאים (טיוטה)","","בהתאמה (טיוטה)","פלאנק — קצר או על הברכיים, לשים לב להתבלטות הבטן","להימנע (טיוטה)","פלאנק מלא — לחץ תוך-בטני; להתחיל מגרסה על הברכיים",""
"reformer_111_6","מתיחת חתול בכריעה","Kneeling Cat Stretch","רפורמר (Reformer)","מתחילים","מתאים (טיוטה)","","מתאים (טיוטה)","","בהתאמה (טיוטה)","עמידת ברכיים — ריפוד מתחת לברכיים או חלופה","מתאים (טיוטה)","","מתאים (טיוטה)","","מתאים (טיוטה)","",""
"cadillac_112_6","חצי עיגול על הקדילק","Semi-Circle on Cadillac","קדילק (Cadillac)","בינוני","להימנע (טיוטה)","היפוך ועומס על עמוד השדרה","להימנע (טיוטה)","עומס משקל הגוף על הצוואר והכתפיים","מתאים (טיוטה)","","להימנע (טיוטה)","היפוך וכפיפה תחת עומס — סיכון לשבר דחיסה","להימנע (טיוטה)","היפוך — לא מומלץ בהריון","להימנע (טיוטה)","היפוך — לחץ תוך-בטני גבוה",""
"chair_113_6","לחיצת תלת ראשי על הפדל","Triceps Press on Chair Pedal","כיסא וונדה (Wunda Chair)","מתקדם","מתאים (טיוטה)","","מתאים (טיוטה)","","מתאים (טיוטה)","","מתאים (טיוטה)","","מתאים (טיוטה)","","מתאים (טיוטה)","",""
"props_114_6","סיבוב עדין בישיבה עם רצועה","Resistance Band Gentle Seated Twist","אביזרים (Props)","מתחילים","בהתאמה (טיוטה)","סיבוב — טווח קטן עם אגן יציב","מתאים (טיוטה)","","מתאים (טיוטה)","","בהתאמה (טיוטה)","סיבוב — טווח קטן עם עמוד שדרה ארוך, בלי כפיפה","בהתאמה (טיוטה)","סיבוב — טווח קטן, בלי כפיפה","בהתאמה (טיוטה)","סיבוב — טווח קטן עם הפעלת בטן עמוקה",""
"mat_115_6","אופניים","Bicycle","מזרן (Mat)","בינוני","להימנע (טיוטה)","היפוך ועומס על עמוד השדרה","להימנע (טיוטה)","עומס משקל הגוף על הצוואר והכתפיים","מתאים (טיוטה)","","להימנע (טיוטה)","היפוך וכפיפה תחת עומס — סיכון לשבר דחיסה","להימנע (טיוטה)","שכיבה על הגב — אחרי השליש הראשון לקצר או להגביה את פלג הגוף העליון; היפוך — לא מומלץ בהריון","להימנע (טיוטה)","היפוך — לחץ תוך-בטני גבוה",""
"reformer_116_6","קופסה קצרה - טוויסט","Short Box - Twist","רפורמר (Reformer)","מתקדם","בהתאמה (טיוטה)","סיבוב — טווח קטן עם אגן יציב","מתאים (טיוטה)","","מתאים (טיוטה)","","בהתאמה (טיוטה)","סיבוב — טווח קטן עם עמוד שדרה ארוך, בלי כפיפה","בהתאמה (טיוטה)","סיבוב — טווח קטן, בלי כפיפה","בהתאמה (טיוטה)","סיבוב — טווח קטן עם הפעלת בטן עמוקה",""
"cadillac_117_6","גלגול מסייע בקפיצים","Assisted Roll-Up on Cadillac","קדילק (Cadillac)","מתחילים","בהתאמה (טיוטה)","כפיפה תחת עומס — ראש על המזרן, טווח קטן","בהתאמה (טיוטה)","הרמת ראש — להשאיר ראש על המזרן או בתמיכה","מתאים (טיוטה)","","להימנע (טיוטה)","כפיפת עמוד שדרה תחת עומס — סיכון לשבר דחיסה","להימנע (טיוטה)","כפיפת בטן עם הרמת ראש — עומס על קו האמצע","להימנע (טיוטה)","כפיפת בטן עם הרמת ראש — עומס על קו האמצע (דיאסטזיס)",""
"chair_118_6","הרמת רגל צד על הכיסא","Side Leg Lift on Chair","כיסא וונדה (Wunda Chair)","בינוני","מתאים (טיוטה)","","מתאים (טיוטה)","","מתאים (טיוטה)","","מתאים (טיוטה)","","מתאים (טיוטה)","","מתאים (טיוטה)","",""
"props_119_6","חטיבת עצים עם כדור משקל","Weighted Ball Wood Chop","אביזרים (Props)","מתקדם","בהתאמה (טיוטה)","סיבוב — טווח קטן עם אגן יציב","מתאים (טיוטה)","","מתאים (טיוטה)","","בהתאמה (טיוטה)","סיבוב — טווח קטן עם עמוד שדרה ארוך, בלי כפיפה","בהתאמה (טיוטה)","סיבוב — טווח קטן, בלי כפיפה","בהתאמה (טיוטה)","סיבוב — טווח קטן עם הפעלת בטן עמוקה",""
"mat_120_7","ציפור-כלב","Bird Dog","מזרן (Mat)","מתחילים","מתאים (טיוטה)","","מתאים (טיוטה)","","בהתאמה (טיוטה)","עמידת ברכיים — ריפוד מתחת לברכיים או חלופה","מתאים (טיוטה)","","מתאים (טיוטה)","","מתאים (טיוטה)","",""
"reformer_121_7","ברבור על הקופסה הארוכה","Swan on the Long Box","רפורמר (Reformer)","בינוני","בהתאמה (טיוטה)","יישור בשכיבה על הבטן — טווח קטן","בהתאמה (טיוטה)","יישור בשכיבה על הבטן — צוואר ארוך, מבט לרצפה","מתאים (טיוטה)","","מתאים (טיוטה)","","להימנע (טיוטה)","שכיבה על הבטן","בהתאמה (טיוטה)","שכיבה על הבטן — רגישות בחזה בתקופת הנקה",""
"cadillac_122_7","שחרור כתפיים בתלייה","Shoulder Release in Hang","קאדילק (Cadillac)","מתקדם","מתאים (טיוטה)","","בהתאמה (טיוטה)","ידיים מעל הראש / תלייה — טווח ללא כאב, התנגדות קלה","מתאים (טיוטה)","","מתאים (טיוטה)","","בהתאמה (טיוטה)","תלייה / ידיים מעל הראש — להעדיף גרסה יציבה","מתאים (טיוטה)","",""
"chair_123_7","טיפוס הר","Mountain Climb","כיסא (Wunda Chair)","מתחילים","בהתאמה (טיוטה)","פלאנק — לשמור אגן ניטרלי, לקצר זמן","בהתאמה (טיוטה)","נשיאת משקל על הידיים — גרסה מקוצרת או על הברכיים","מתאים (טיוטה)","","מתאים (טיוטה)","","בהתאמה (טיוטה)","פלאנק — קצר או על הברכיים, לשים לב להתבלטות הבטן","להימנע (טיוטה)","פלאנק מלא — לחץ תוך-בטני; להתחיל מגרסה על הברכיים",""
"props_124_7","המאה עם עיגול קסם","The Hundred with Magic Circle","עזרים (Props)","בינוני","בהתאמה (טיוטה)","כפיפה תחת עומס — ראש על המזרן, טווח קטן","בהתאמה (טיוטה)","הרמת ראש — להשאיר ראש על המזרן או בתמיכה","מתאים (טיוטה)","","להימנע (טיוטה)","כפיפת עמוד שדרה תחת עומס — סיכון לשבר דחיסה","להימנע (טיוטה)","כפיפת בטן עם הרמת ראש — עומס על קו האמצע; שכיבה על הגב — אחרי השליש הראשון לקצר או להגביה את פלג הגוף העליון","להימנע (טיוטה)","כפיפת בטן עם הרמת ראש — עומס על קו האמצע (דיאסטזיס)",""
"mat_125_7","סכין מתקפל","Jackknife","מזרן (Mat)","מתקדם","להימנע (טיוטה)","היפוך ועומס על עמוד השדרה","להימנע (טיוטה)","עומס משקל הגוף על הצוואר והכתפיים","מתאים (טיוטה)","","להימנע (טיוטה)","היפוך וכפיפה תחת עומס — סיכון לשבר דחיסה","להימנע (טיוטה)","היפוך — לא מומלץ בהריון","להימנע (טיוטה)","היפוך — לחץ תוך-בטני גבוה",""
"reformer_126_7","צפרדע ברצועות","Frog in Straps","רפורמר (Reformer)","מתחילים","מתאים (טיוטה)","","מתאים (טיוטה)","","בהתאמה (טיוטה)","כפיפת ברך תחת עומס — טווח ללא כאב, קפיצים קלים","מתאים (טיוטה)","","בהתאמה (טיוטה)","שכיבה על הגב — אחרי השליש הראשון לקצר או להגביה את פלג הגוף העליון","מתאים (טיוטה)","",""
"cadillac_127_7","עיגולים קטנים עם קפיצי רגליים","Small Leg Circles with Springs","קאדילק (Cadillac)","בינוני","מתאים (טיוטה)","","מתאים (טיוטה)","","מתאים (טיוטה)","","מתאים (טיוטה)","","בהתאמה (טיוטה)","שכיבה על הגב — אחרי השליש הראשון לקצר או להגביה את פלג הגוף העליון","מתאים (טיוטה)","",""
"chair_128_7","הושטת יד באיזון על רגל אחת","One Leg Balance Reach","כיסא (Wunda Chair)","מתקדם","מתאים (טיוטה)","","מתאים (טיוטה)","","מתאים (טיוטה)","","בהתאמה (טיוטה)","שיווי משקל — לעבוד ליד תמיכה (סיכון לנפילה)","בהתאמה (טיוטה)","שינויי שיווי משקל — לעבוד ליד תמיכה","מתאים (טיוטה)","",""
"props_129_7","הכנה לשכיבות סמיכה עם עיגול קסם","Push Up Prep with Magic Circle","עזרים (Props)","מתחילים","מתאים (טיוטה)","","מתאים (טיוטה)","","מתאים (טיוטה)","","מתאים (טיוטה)","","מתאים (טיוטה)","","בהתאמה (טיוטה)","נשיאת משקל קלה — לשים לב להתבלטות הבטן ולרצפת האגן",""
"mat_130_7","מתיחת מפשעה בישיבה","Seated Groin Stretch","מזרן (Mat)","בינוני","מתאים (טיוטה)","","מתאים (טיוטה)","","מתאים (טיוטה)","","מתאים (טיוטה)","","מתאים (טיוטה)","","מתאים (טיוטה)","",""
"reformer_131_7","הנחש והטוויסט","Snake & Twist","רפורמר (Reformer)","מתקדם","בהתאמה (טיוטה)","פלאנק — לשמור אגן ניטרלי, לקצר זמן; סיבוב — טווח קטן עם אגן יציב","בהתאמה (טיוטה)","נשיאת משקל על הידיים — גרסה מקוצרת או על הברכיים","מתאים (טיוטה)","","בהתאמה (טיוטה)","סיבוב — טווח קטן עם עמוד שדרה ארוך, בלי כפיפה","בהתאמה (טיוטה)","פלאנק — קצר או על הברכיים, לשים לב להתבלטות הבטן; סיבוב — טווח קטן, בלי כפיפה","להימנע (טיוטה)","פלאנק מלא — לחץ תוך-בטני; להתחיל מגרסה על הברכיים; סיבוב — טווח קטן עם הפעלת בטן עמוקה",""
"cadillac_132_7","הליכה עם קפיצי רגליים","Walking on Leg Springs","קאדילק (Cadillac)","מתחילים","מתאים (טיוטה)","","מתאים (טיוטה)","","מתאים (טיוטה)","","מתאים (טיוטה)","","בהתאמה (טיוטה)","שכיבה על הגב — אחרי השליש הראשון לקצר או להגביה את פלג הגוף העליון","מתאים (טיוטה)","",""
"chair_133_7","פייק בכריעה","Kneeling Pike","כיסא (Wunda Chair)","בינוני","בהתאמה (טיוטה)","פלאנק — לשמור אגן ניטרלי, לקצר זמן","בהתאמה (טיוטה)","נשיאת משקל על הידיים — גרסה מקוצרת או על הברכיים","בהתאמה (טיוטה)","עמידת ברכיים — ריפוד מתחת לברכיים או חלופה","מתאים (טיוטה)","","בהתאמה (טיוטה)","פלאנק — קצר או על הברכיים, לשים לב להתבלטות הבטן","להימנע (טיוטה)","פלאנק מלא — לחץ תוך-בטני; להתחיל מגרסה על הברכיים",""
"props_134_7","גשר כתפיים עם עיגול קסם","Shoulder Bridge with Magic Circle","עזרים (Props)","מתקדם","מתאים (טיוטה)","","מתאים (טיוטה)","","מתאים (טיוטה)","","מתאים (טיוטה)","","בהתאמה (טיוטה)","שכיבה על הגב — אחרי השליש הראשון לקצר או להגביה את פלג הגוף העליון","מתאים (טיוטה)","",""
"mat_135_7","הטיות אגן","Pelvic Tilts","מזרן (Mat)","מתחילים","מתאים (טיוטה)","","מתאים (טיוטה)","","מתאים (טיוטה)","","מתאים (טיוטה)","","בהתאמה (טיוטה)","שכיבה על הגב — אחרי השליש הראשון לקצר או להגביה את פלג הגוף העליון","מתאים (טיוטה)","",""
"reformer_136_7","כפיפת צד על הקופסה הקצרה","Short Box – Side Over","רפורמר (Reformer)","בינוני","מתאים (טיוטה)","","מתאים (טיוטה)","","מתאים (טיוטה)","","מתאים (טיוטה)","","מתאים (טיוטה)","","מתאים (טיוטה)","",""
"cadillac_137_7","שורות על הקדילק","Rowing Series on Cadillac","קאדילק (Cadillac)","מתקדם","מתאים (טיוטה)","","מתאים (טיוטה)","","מתאים (טיוטה)","","מתאים (טיוטה)","","מתאים (טיוטה)","","מתאים (טיוטה)","",""
"chair_138_7","שחרור קדימה בישיבה","Seated Forward Melt","כיסא (Wunda Chair)","מתחילים","בהתאמה (טיוטה)","כפיפה קדימה — טווח מבוקר, בלי לדחוף","מתאים (טיוטה)","","מתאים (טיוטה)","","להימנע (טיוטה)","כפיפה קדימה — להחליף בהארכה של עמוד השדרה","מתאים (טיוטה)","","בהתאמה (טיוטה)","כפיפה — טווח מבוקר עם נשיפה",""
"props_139_7","שחייה עם רצועות קרסול","Swimming with Ankle Band","עזרים (Props)","בינוני","בהתאמה (טיוטה)","יישור בשכיבה על הבטן — טווח קטן","בהתאמה (טיוטה)","יישור בשכיבה על הבטן — צוואר ארוך, מבט לרצפה","מתאים (טיוטה)","","מתאים (טיוטה)","","להימנע (טיוטה)","שכיבה על הבטן","בהתאמה (טיוטה)","שכיבה על הבטן — רגישות בחזה בתקופת הנקה",""
"mat_140_8","סופרמן","Superman","מזרן (Mat)","מתקדם","בהתאמה (טיוטה)","יישור בשכיבה על הבטן — טווח קטן","בהתאמה (טיוטה)","יישור בשכיבה על הבטן — צוואר ארוך, מבט לרצפה","מתאים (טיוטה)","","מתאים (טיוטה)","","להימנע (טיוטה)","שכיבה על הבטן","בהתאמה (טיוטה)","שכיבה על הבטן — רגישות בחזה בתקופת הנקה",""
"reformer_141_8","קופסה קצרה - גב מעוגל","Short Box – Round Back","רפורמר (Reformer)","מתחילים","בהתאמה (טיוטה)","כפיפה תחת עומס — ראש על המזרן, טווח קטן","בהתאמה (טיוטה)","הרמת ראש — להשאיר ראש על המזרן או בתמיכה","מתאים (טיוטה)","","להימנע (טיוטה)","כפיפת עמוד שדרה תחת עומס — סיכון לשבר דחיסה","להימנע (טיוטה)","כפיפת בטן עם הרמת ראש — עומס על קו האמצע","להימנע (טיוטה)","כפיפת בטן עם הרמת ראש — עומס על קו האמצע (דיאסטזיס)",""
"cadillac_142_8","פעימות רגליים עם קפיצים","Leg Beats with Springs","קאדילק (Cadillac)","בינוני","מתאים (טיוטה)","","מתאים (טיוטה)","","מתאים (טיוטה)","","מתאים (טיוטה)","","בהתאמה (טיוטה)","שכיבה על הגב — אחרי השליש הראשון לקצר או להגביה את פלג הגוף העליון","מתאים (טיוטה)","",""
"chair_143_8","עיגולי אגן בכריעה","Hip Circles Kneeling","כיסא (Wunda Chair)","מתקדם","מתאים (טיוטה)","","מתאים (טיוטה)","","בהתאמה (טיוטה)","עמידת ברכיים — ריפוד מתחת לברכיים או חלופה","מתאים (טיוטה)","","מתאים (טיוטה)","","מתאים (טיוטה)","",""
"props_144_8","עיגולי רגל בודדת עם רצועה","Single Leg Circles with Band","עזרים (Props)","מתחילים","מתאים (טיוטה)","","מתאים (טיוטה)","","מתאים (טיוטה)","","מתאים (טיוטה)","","בהתאמה (טיוטה)","שכיבה על הגב — אחרי השליש הראשון לקצר או להגביה את פלג הגוף העליון","מתאים (טיוטה)","",""
"mat_145_8","פלאנק עם נגיעות כתף","Plank Shoulder Taps","מזרן (Mat)","בינוני","בהתאמה (טיוטה)","פלאנק — לשמור אגן ניטרלי, לקצר זמן","בהתאמה (טיוטה)","נשיאת משקל על הידיים — גרסה מקוצרת או על הברכיים","מתאים (טיוטה)","","מתאים (טיוטה)","","בהתאמה (טיוטה)","פלאנק — קצר או על הברכיים, לשים לב להתבלטות הבטן","להימנע (טיוטה)","פלאנק מלא — לחץ תוך-בטני; להתחיל מגרסה על הברכיים",""
"reformer_146_8","מסאז' עמוד שדרה ארוך","Long Spine Massage","רפורמר (Reformer)","מתקדם","להימנע (טיוטה)","היפוך ועומס על עמוד השדרה","להימנע (טיוטה)","עומס משקל הגוף על הצוואר והכתפיים","מתאים (טיוטה)","","להימנע (טיוטה)","היפוך וכפיפה תחת עומס — סיכון לשבר דחיסה","להימנע (טיוטה)","היפוך — לא מומלץ בהריון","להימנע (טיוטה)","היפוך — לחץ תוך-בטני גבוה",""
"cadillac_147_8","נפילה עדינה - מרמייד","Gentle Fallout (Mermaid Style)","קאדילק (Cadillac)","מתחילים","מתאים (טיוטה)","","מתאים (טיוטה)","","מתאים (טיוטה)","","מתאים (טיוטה)","","מתאים (טיוטה)","","מתאים (טיוטה)","",""
"chair_148_8","הושטות זרוע בעמידה","Arm Reaches Standing","כיסא (Wunda Chair)","בינוני","מתאים (טיוטה)","","מתאים (טיוטה)","","מתאים (טיוטה)","","בהתאמה (טיוטה)","שיווי משקל — לעבוד ליד תמיכה (סיכון לנפילה)","בהתאמה (טיוטה)","שינויי שיווי משקל — לעבוד ליד תמיכה","מתאים (טיוטה)","",""
"props_149_8","סכין מתקפל עם עיגול קסם","Jackknife with Magic Circle","עזרים (Props)","מתקדם","להימנע (טיוטה)","היפוך ועומס על עמוד השדרה","להימנע (טיוטה)","עומס משקל הגוף על הצוואר והכתפיים","מתאים (טיוטה)","","להימנע (טיוטה)","היפוך וכפיפה תחת עומס — סיכון לשבר דחיסה","להימנע (טיוטה)","היפוך — לא מומלץ בהריון","להימנע (טיוטה)","היפוך — לחץ תוך-בטני גבוה",""
"mat_150_8","הרמת רגל בשכיבת צד","Side-Lying Leg Lift","מזרן (Mat)","מתחילים","מתאים (טיוטה)","","מתאים (טיוטה)","","מתאים (טיוטה)","","מתאים (טיוטה)","","מתאים (טיוטה)","","מתאים (טיוטה)","",""
"reformer_151_8","טיק טוק על הקופסה הקצרה","Short Box – Tick Tock","רפורמר (Reformer)","בינוני","בהתאמה (טיוטה)","סיבוב — טווח קטן עם אגן יציב","מתאים (טיוטה)","","מתאים (טיוטה)","","בהתאמה (טיוטה)","סיבוב — טווח קטן עם עמוד שדרה ארוך, בלי כפיפה","בהתאמה (טיוטה)","סיבוב — טווח קטן, בלי כפיפה","בהתאמה (טיוטה)","סיבוב — טווח קטן עם הפעלת בטן עמוקה",""
"cadillac_152_8","כריעה מאוזנת על המוט","Balance Point Kneeling","קאדילק (Cadillac)","מתקדם","מתאים (טיוטה)","","מתאים (טיוטה)","","בהתאמה (טיוטה)","עמידת ברכיים — ריפוד מתחת לברכיים או חלופה","בהתאמה (טיוטה)","שיווי משקל — לעבוד ליד תמיכה (סיכון לנפילה)","בהתאמה (טיוטה)","שינויי שיווי משקל — לעבוד ליד תמיכה","מתאים (טיוטה)","",""
"chair_153_8","לחיצה מעל הראש בעמידה","Overhead Press Standing","כיסא (Wunda Chair)","מתחילים","מתאים (טיוטה)","","בהתאמה (טיוטה)","ידיים מעל הראש / תלייה — טווח ללא כאב, התנגדות קלה","מתאים (טיוטה)","","בהתאמה (טיוטה)","שיווי משקל — לעבוד ליד תמיכה (סיכון לנפילה)","בהתאמה (טיוטה)","תלייה / ידיים מעל הראש — להעדיף גרסה יציבה; שינויי שיווי משקל — לעבוד ליד תמיכה","מתאים (טיוטה)","",""
"props_154_8","סיל עם כדור קטן","Seal with Mini Ball","עזרים (Props)","בינוני","להימנע (טיוטה)","גלגול על עמוד השדרה","בהתאמה (טיוטה)","גלגול — להימנע מגלגול אל הצוואר","מתאים (טיוטה)","","להימנע (טיוטה)","גלגול על עמוד השדרה","להימנע (טיוטה)","גלגול על עמוד השדרה","להימנע (טיוטה)","גלגול — עומס על קו האמצע",""
"mat_155_8","נדנוד על הבטן","Rocking","מזרן (Mat)","מתקדם","להימנע (טיוטה)","יישור בשכיבה על הבטן — טווח קטן; יישור עמוק של הגב התחתון","בהתאמה (טיוטה)","יישור בשכיבה על הבטן — צוואר ארוך, מבט לרצפה","מתאים (טיוטה)","","בהתאמה (טיוטה)","יישור — טווח מבוקר, בלי עומס חיצוני","להימנע (טיוטה)","שכיבה על הבטן; יישור עמוק — מתיחת דופן הבטן","בהתאמה (טיוטה)","שכיבה על הבטן — רגישות בחזה בתקופת הנקה; יישור — טווח מבוקר",""
"reformer_156_8","עיגולי רגליים ברצועות","Feet in Straps – Leg Circles","רפורמר (Reformer)","מתחילים","מתאים (טיוטה)","","מתאים (טיוטה)","","מתאים (טיוטה)","","מתאים (טיוטה)","","בהתאמה (טיוטה)","שכיבה על הגב — אחרי השליש הראשון לקצר או להגביה את פלג הגוף העליון","מתאים (טיוטה)","",""
"cadillac_157_8","גלגול מעלה בסיוע מוט","Assisted Roll Up","קאדילק (Cadillac)","בינוני","בהתאמה (טיוטה)","כפיפה תחת עומס — ראש על המזרן, טווח קטן","בהתאמה (טיוטה)","הרמת ראש — להשאיר ראש על המזרן או בתמיכה","מתאים (טיוטה)","","להימנע (טיוטה)","כפיפת עמוד שדרה תחת עומס — סיכון לשבר דחיסה","להימנע (טיוטה)","כפיפת בטן עם הרמת ראש — עומס על קו האמצע","להימנע (טיוטה)","כפיפת בטן עם הרמת ראש — עומס על קו האמצע (דיאסטזיס)",""
"chair_158_8","לחיצת רגל אחורית בכריעה","Kneeling Leg Press Back","כיסא (Wunda Chair)","מתקדם","מתאים (טיוטה)","","מתאים (טיוטה)","","בהתאמה (טיוטה)","עמידת ברכיים — ריפוד מתחת לברכיים או חלופה; כפיפת ברך תחת עומס — טווח ללא כאב, קפיצים קלים","מתאים (טיוטה)","","מתאים (טיוטה)","","מתאים (טיוטה)","",""
"props_159_8","גלגול מעלה עם רצועה","Roll Up with Resistance Band","עזרים (Props)","מתחילים","בהתאמה (טיוטה)","כפיפה תחת עומס — ראש על המזרן, טווח קטן","בהתאמה (טיוטה)","הרמת ראש — להשאיר ראש על המזרן או בתמיכה","מתאים (טיוטה)","","להימנע (טיוטה)","כפיפת עמוד שדרה תחת עומס — סיכון לשבר דחיסה","להימנע (טיוטה)","כפיפת בטן עם הרמת ראש — עומס על קו האמצע","להימנע (טיוטה)","כפיפת בטן עם הרמת ראש — עומס על קו האמצע (דיאסטזיס)",""
"mat_160_9","פלאנק צד","Side Plank","מזרן (Mat)","בינוני","בהתאמה (טיוטה)","פלאנק — לשמור אגן ניטרלי, לקצר זמן","בהתאמה (טיוטה)","נשיאת משקל על הידיים — גרסה מקוצרת או על הברכיים","מתאים (טיוטה)","","מתאים (טיוטה)","","בהתאמה (טיוטה)","פלאנק — קצר או על הברכיים, לשים לב להתבלטות הבטן","להימנע (טיוטה)","פלאנק מלא — לחץ תוך-בטני; להתחיל מגרסה על הברכיים",""
"reformer_161_9","מתיחת גב ארוכה","Long Back Stretch","רפורמר (Reformer)","מתקדם","בהתאמה (טיוטה)","פלאנק — לשמור אגן ניטרלי, לקצר זמן","בהתאמה (טיוטה)","נשיאת משקל על הידיים — גרסה מקוצרת או על הברכיים","מתאים (טיוטה)","","מתאים (טיוטה)","","בהתאמה (טיוטה)","פלאנק — קצר או על הברכיים, לשים לב להתבלטות הבטן","להימנע (טיוטה)","פלאנק מלא — לחץ תוך-בטני; להתחיל מגרסה על הברכיים",""
"cadillac_162_9","נדנוד עדין על הקדילק","Gentle Rocking","קאדילק (Cadillac)","מתחילים","מתאים (טיוטה)","","מתאים (טיוטה)","","מתאים (טיוטה)","","מתאים (טיוטה)","","מתאים (טיוטה)","","מתאים (טיוטה)","",""
"chair_163_9","שולחן","Table Top","כיסא (Wunda Chair)","בינוני","בהתאמה (טיוטה)","פלאנק — לשמור אגן ניטרלי, לקצר זמן","בהתאמה (טיוטה)","נשיאת משקל על הידיים — גרסה מקוצרת או על הברכיים","מתאים (טיוטה)","","מתאים (טיוטה)","","בהתאמה (טיוטה)","פלאנק — קצר או על הברכיים, לשים לב להתבלטות הבטן","להימנע (טיוטה)","פלאנק מלא — לחץ תוך-בטני; להתחיל מגרסה על הברכיים",""
"props_164_9","אופניים עם רצועת קרסול","Bicycle with Ankle Band","עזרים (Props)","מתקדם","מתאים (טיוטה)","","מתאים (טיוטה)","","מתאים (טיוטה)","","מתאים (טיוטה)","","בהתאמה (טיוטה)","שכיבה על הגב — אחרי השליש הראשון לקצר או להגביה את פלג הגוף העליון","מתאים (טיוטה)","",""
"mat_165_9","כפיפת בטן אלכסונית","Oblique Curl","מזרן (Mat)","מתחילים","בהתאמה (טיוטה)","כפיפה תחת עומס — ראש על המזרן, טווח קטן","בהתאמה (טיוטה)","הרמת ראש — להשאיר ראש על המזרן או בתמיכה","מתאים (טיוטה)","","להימנע (טיוטה)","כפיפת עמוד שדרה תחת עומס — סיכון לשבר דחיסה","להימנע (טיוטה)","כפיפת בטן עם הרמת ראש — עומס על קו האמצע","להימנע (טיוטה)","כפיפת בטן עם הרמת ראש — עומס על קו האמצע (דיאסטזיס)",""
"reformer_166_9","רכיבה על הקופסה","Horseback","רפורמר (Reformer)","בינוני","מתאים (טיוטה)","","מתאים (טיוטה)","","מתאים (טיוטה)","","מתאים (טיוטה)","","מתאים (טיוטה)","","מתאים (טיוטה)","",""
"cadillac_167_9","גלגול צד עם קפיצי רגליים","Side Roll with Leg Springs","קאדילק (Cadillac)","מתקדם","מתאים (טיוטה)","","מתאים (טיוטה)","","מתאים (טיוטה)","","מתאים (טיוטה)","","בהתאמה (טיוטה)","שכיבה על הגב — אחרי השליש הראשון לקצר או להגביה את פלג הגוף העליון","מתאים (טיוטה)","",""
"chair_168_9","איזון צד על הכיסא","Side Balance on Chair","כיסא (Wunda Chair)","מתחילים","מתאים (טיוטה)","","מתאים (טיוטה)","","מתאים (טיוטה)","","בהתאמה (טיוטה)","שיווי משקל — לעבוד ליד תמיכה (סיכון לנפילה)","בהתאמה (טיוטה)","שינויי שיווי משקל — לעבוד ליד תמיכה","מתאים (טיוטה)","",""
"props_169_9","פתיחת ברבור עם רצועה","Swan with Band","עזרים (Props)","בינוני","בהתאמה (טיוטה)","יישור בשכיבה על הבטן — טווח קטן","בהתאמה (טיוטה)","יישור בשכיבה על הבטן — צוואר ארוך, מבט לרצפה","מתאים (טיוטה)","","מתאים (טיוטה)","","להימנע (טיוטה)","שכיבה על הבטן","בהתאמה (טיוטה)","שכיבה על הבטן — רגישות בחזה בתקופת הנקה",""
"mat_170_9","השחלת המחט","Thread the Needle","מזרן (Mat)","מתקדם","בהתאמה (טיוטה)","סיבוב — טווח קטן עם אגן יציב","מתאים (טיוטה)","","בהתאמה (טיוטה)","עמידת ברכיים — ריפוד מתחת לברכיים או חלופה","בהתאמה (טיוטה)","סיבוב — טווח קטן עם עמוד שדרה ארוך, בלי כפיפה","בהתאמה (טיוטה)","סיבוב — טווח קטן, בלי כפיפה","בהתאמה (טיוטה)","סיבוב — טווח קטן עם הפעלת בטן עמוקה",""
"reformer_171_9","מתיחת ירך בכריעה","Kneeling Thigh Stretch","רפורמר (Reformer)","מתחילים","מתאים (טיוטה)","","מתאים (טיוטה)","","בהתאמה (טיוטה)","עמידת ברכיים — ריפוד מתחת לברכיים או חלופה","מתאים (טיוטה)","","מתאים (טיוטה)","","מתאים (טיוטה)","",""
"cadillac_172_9","פתיחת חזה בעמידה עם מוט גלגול","Standing Chest Expansion with Roll-Down Bar","קאדילק (Cadillac)","בינוני","מתאים (טיוטה)","","מתאים (טיוטה)","","מתאים (טיוטה)","","בהתאמה (טיוטה)","שיווי משקל — לעבוד ליד תמיכה (סיכון לנפילה)","בהתאמה (טיוטה)","שינויי שיווי משקל — לעבוד ליד תמיכה","מתאים (טיוטה)","",""
"chair_173_9","פלאנק הפוך על הכיסא","Reverse Plank on Chair","כיסא (Wunda Chair)","מתקדם","בהתאמה (טיוטה)","פלאנק — לשמור אגן ניטרלי, לקצר זמן","בהתאמה (טיוטה)","נשיאת משקל על הידיים — גרסה מקוצרת או על הברכיים","מתאים (טיוטה)","","מתאים (טיוטה)","","בהתאמה (טיוטה)","פלאנק — קצר או על הברכיים, לשים לב להתבלטות הבטן","להימנע (טיוטה)","פלאנק מלא — לחץ תוך-בטני; להתחיל מגרסה על הברכיים",""
"props_174_9","בעיטת צד עם רצועת קרסול","Side Kick with Ankle Band","עזרים (Props)","מתחילים","מתאים (טיוטה)","","מתאים (טיוטה)","","מתאים (טיוטה)","","מתאים (טיוטה)","","מתאים (טיוטה)","","מתאים (טיוטה)","",""
"mat_175_9","מלאכי רצפה","Floor Angels","מזרן (Mat)","בינוני","מתאים (טיוטה)","","מתאים (טיוטה)","","מתאים (טיוטה)","","מתאים (טיוטה)","","בהתאמה (טיוטה)","שכיבה על הגב — אחרי השליש הראשון לקצר או להגביה את פלג הגוף העליון","מתאים (טיוטה)","",""
"reformer_176_9","הכוכב","The Star","רפורמר (Reformer)","מתקדם","בהתאמה (טיוטה)","פלאנק — לשמור אגן ניטרלי, לקצר זמן","בהתאמה (טיוטה)","נשיאת משקל על הידיים — גרסה מקוצרת או על הברכיים","מתאים (טיוטה)","","מתאים (טיוטה)","","בהתאמה (טיוטה)","פלאנק — קצר או על הברכיים, לשים לב להתבלטות הבטן","להימנע (טיוטה)","פלאנק מלא — לחץ תוך-בטני; להתחיל מגרסה על הברכיים",""
"cadillac_177_9","הצדעה עם קפיצי זרוע","Salute with Arm Springs","קאדילק (Cadillac)","מתחילים","מתאים (טיוטה)","","בהתאמה (טיוטה)","ידיים מעל הראש / תלייה — טווח ללא כאב, התנגדות קלה","מתאים (טיוטה)","","מתאים (טיוטה)","","בהתאמה (טיוטה)","תלייה / ידיים מעל הראש — להעדיף גרסה יציבה","מתאים (טיוטה)","",""
"chair_178_9","עיגול חתול עדין","Gentle Cat Curl","כיסא (Wunda Chair)","בינוני","בהתאמה (טיוטה)","כפיפה קדימה — טווח מבוקר, בלי לדחוף","מתאים (טיוטה)","","מתאים (טיוטה)","","להימנע (טיוטה)","כפיפה קדימה — להחליף בהארכה של עמוד השדרה","מתאים (טיוטה)","","בהתאמה (טיוטה)","כפיפה — טווח מבוקר עם נשיפה",""
"props_179_9","קורקסקרו עם עיגול קסם","Corkscrew with Magic Circle","עזרים (Props)","מתקדם","להימנע (טיוטה)","היפוך ועומס על עמוד השדרה; סיבוב — טווח קטן עם אגן יציב","להימנע (טיוטה)","עומס משקל הגוף על הצוואר והכתפיים","מתאים (טיוטה)","","להימנע (טיוטה)","היפוך וכפיפה תחת עומס — סיכון לשבר דחיסה; סיבוב — טווח קטן עם עמוד שדרה ארוך, בלי כפיפה","להימנע (טיוטה)","היפוך — לא מומלץ בהריון; סיבוב — טווח קטן, בלי כפיפה","להימנע (טיוטה)","היפוך — לחץ תוך-בטני גבוה; סיבוב — טווח קטן עם הפעלת בטן עמוקה",""
"mat_180_10","גשר עם צעידה","Glute Bridge March","מזרן (Mat)","מתחילים","מתאים (טיוטה)","","מתאים (טיוטה)","","מתאים (טיוטה)","","מתאים (טיוטה)","","בהתאמה (טיוטה)","שכיבה על הגב — אחרי השליש הראשון לקצר או להגביה את פלג הגוף העליון","מתאים (טיוטה)","",""
"reformer_181_10","טיזר על הרפורמר","Teaser on the Reformer","רפורמר (Reformer)","בינוני","בהתאמה (טיוטה)","כפיפה תחת עומס — ראש על המזרן, טווח קטן","בהתאמה (טיוטה)","הרמת ראש — להשאיר ראש על המזרן או בתמיכה","מתאים (טיוטה)","","להימנע (טיוטה)","כפיפת עמוד שדרה תחת עומס — סיכון לשבר דחיסה","להימנע (טיוטה)","כפיפת בטן עם הרמת ראש — עומס על קו האמצע","להימנע (טיוטה)","כפיפת בטן עם הרמת ראש — עומס על קו האמצע (דיאסטזיס)",""
"cadillac_182_10","צפרדע קדמית","Frog Front","קאדילק (Cadillac)","מתקדם","מתאים (טיוטה)","","מתאים (טיוטה)","","בהתאמה (טיוטה)","כפיפת ברך תחת עומס — טווח ללא כאב, קפיצים קלים","מתאים (טיוטה)","","מתאים (טיוטה)","","מתאים (טיוטה)","",""
"chair_183_10","עיגולי קרסול על הפדל","Ankle Circles on Pedal","כיסא (Wunda Chair)","מתחילים","מתאים (טיוטה)","","מתאים (טיוטה)","","מתאים (טיוטה)","","מתאים (טיוטה)","","מתאים (טיוטה)","","מתאים (טיוטה)","",""
"props_184_10","משיכת צוואר עם רצועה","Neck Pull with Band","עזרים (Props)","בינוני","בהתאמה (טיוטה)","כפיפה תחת עומס — ראש על המזרן, טווח קטן","בהתאמה (טיוטה)","הרמת ראש — להשאיר ראש על המזרן או בתמיכה","מתאים (טיוטה)","","להימנע (טיוטה)","כפיפת עמוד שדרה תחת עומס — סיכון לשבר דחיסה","להימנע (טיוטה)","כפיפת בטן עם הרמת ראש — עומס על קו האמצע","להימנע (טיוטה)","כפיפת בטן עם הרמת ראש — עומס על קו האמצע (דיאסטזיס)",""
"mat_185_10","בומרנג","Boomerang","מזרן (Mat)","מתקדם","להימנע (טיוטה)","היפוך ועומס על עמוד השדרה; גלגול על עמוד השדרה","להימנע (טיוטה)","עומס משקל הגוף על הצוואר והכתפיים; גלגול — להימנע מגלגול אל הצוואר","מתאים (טיוטה)","","להימנע (טיוטה)","היפוך וכפיפה תחת עומס — סיכון לשבר דחיסה; גלגול על עמוד השדרה","להימנע (טיוטה)","היפוך — לא מומלץ בהריון; גלגול על עמוד השדרה","להימנע (טיוטה)","היפוך — לחץ תוך-בטני גבוה; גלגול — עומס על קו האמצע",""
"reformer_186_10","מתיחת ירך אחורית ברצועות","Hamstring Stretch in Straps","רפורמר (Reformer)","מתחילים","מתאים (טיוטה)","","מתאים (טיוטה)","","מתאים (טיוטה)","","מתאים (טיוטה)","","בהתאמה (טיוטה)","שכיבה על הגב — אחרי השליש הראשון לקצר או להגביה את פלג הגוף העליון","מתאים (טיוטה)","",""
"cadillac_187_10","נפילה קדימה עם מוט","Fallout on the Push-Through Bar","קאדילק (Cadillac)","בינוני","מתאים (טיוטה)","","מתאים (טיוטה)","","מתאים (טיוטה)","","מתאים (טיוטה)","","מתאים (טיוטה)","","מתאים (טיוטה)","",""
"chair_188_10","פעימות סקוואט","Gentle Squat Pulses","כיסא (Wunda Chair)","מתקדם","מתאים (טיוטה)","","מתאים (טיוטה)","","בהתאמה (טיוטה)","כפיפת ברך תחת עומס — טווח ללא כאב, קפיצים קלים","מתאים (טיוטה)","","מתאים (טיוטה)","","מתאים (טיוטה)","",""
"props_189_10","מתיחת רגליים כפולה עם כדור קטן","Double Leg Stretch with Ball","עזרים (Props)","מתחילים","בהתאמה (טיוטה)","כפיפה תחת עומס — ראש על המזרן, טווח קטן","בהתאמה (טיוטה)","הרמת ראש — להשאיר ראש על המזרן או בתמיכה","מתאים (טיוטה)","","להימנע (טיוטה)","כפיפת עמוד שדרה תחת עומס — סיכון לשבר דחיסה","להימנע (טיוטה)","כפיפת בטן עם הרמת ראש — עומס על קו האמצע","להימנע (טיוטה)","כפיפת בטן עם הרמת ראש — עומס על קו האמצע (דיאסטזיס)",""
"mat_190_10","גשר על רגל אחת","Single Leg Bridge","מזרן (Mat)","בינוני","מתאים (טיוטה)","","מתאים (טיוטה)","","מתאים (טיוטה)","","מתאים (טיוטה)","","בהתאמה (טיוטה)","שכיבה על הגב — אחרי השליש הראשון לקצר או להגביה את פלג הגוף העליון","מתאים (טיוטה)","",""
"reformer_191_10","עיסוי בטן - טוויסט","Stomach Massage – Twist","רפורמר (Reformer)","מתקדם","בהתאמה (טיוטה)","כפיפה קדימה — טווח מבוקר, בלי לדחוף; סיבוב — טווח קטן עם אגן יציב","מתאים (טיוטה)","","מתאים (טיוטה)","","להימנע (טיוטה)","כפיפה קדימה — להחליף בהארכה של עמוד השדרה; סיבוב — טווח קטן עם עמוד שדרה ארוך, בלי כפיפה","בהתאמה (טיוטה)","סיבוב — טווח קטן, בלי כפיפה","בהתאמה (טיוטה)","כפיפה — טווח מבוקר עם נשיפה; סיבוב — טווח קטן עם הפעלת בטן עמוקה",""
"cadillac_192_10","פיסוק כוכב","Spread Eagle","קאדילק (Cadillac)","מתחילים","מתאים (טיוטה)","","בהתאמה (טיוטה)","ידיים מעל הראש / תלייה — טווח ללא כאב, התנגדות קלה","מתאים (טיוטה)","","מתאים (טיוטה)","","בהתאמה (טיוטה)","תלייה / ידיים מעל הראש — להעדיף גרסה יציבה","מתאים (טיוטה)","",""
"chair_193_10","דחיפה קדמית בעמידה","Push Down Front","כיסא (Wunda Chair)","בינוני","מתאים (טיוטה)","","מתאים (טיוטה)","","מתאים (טיוטה)","","מתאים (טיוטה)","","מתאים (טיוטה)","","מתאים (טיוטה)","",""
"props_194_10","טיזר עם כדור קטן בין הברכיים","Teaser with Mini Ball Between Knees","עזרים (Props)","מתקדם","בהתאמה (טיוטה)","כפיפה תחת עומס — ראש על המזרן, טווח קטן","בהתאמה (טיוטה)","הרמת ראש — להשאיר ראש על המזרן או בתמיכה","מתאים (טיוטה)","","להימנע (טיוטה)","כפיפת עמוד שדרה תחת עומס — סיכון לשבר דחיסה","להימנע (טיוטה)","כפיפת בטן עם הרמת ראש — עומס על קו האמצע","להימנע (טיוטה)","כפיפת בטן עם הרמת ראש — עומס על קו האמצע (דיאסטזיס)",""
"mat_195_10","מתיחת גוף מלאה בשכיבה","Full Body Stretch","מזרן (Mat)","מתחילים","מתאים (טיוטה)","","מתאים (טיוטה)","","מתאים (טיוטה)","","מתאים (טיוטה)","","בהתאמה (טיוטה)","שכיבה על הגב — אחרי השליש הראשון לקצר או להגביה את פלג הגוף העליון","מתאים (טיוטה)","",""
"reformer_196_10","עבודת רגליים - קשתות ועקבים","Footwork – Arches & Heels","רפורמר (Reformer)","בינוני","מתאים (טיוטה)","","מתאים (טיוטה)","","בהתאמה (טיוטה)","כפיפת ברך תחת עומס — טווח ללא כאב, קפיצים קלים","מתאים (טיוטה)","","בהתאמה (טיוטה)","שכיבה על הגב — אחרי השליש הראשון לקצר או להגביה את פלג הגוף העליון","מתאים (טיוטה)","",""
"cadillac_197_10","טוויסט על המוט","Twist on the Bar","קאדילק (Cadillac)","מתקדם","בהתאמה (טיוטה)","סיבוב — טווח קטן עם אגן יציב","מתאים (טיוטה)","","מתאים (טיוטה)","","בהתאמה (טיוטה)","סיבוב — טווח קטן עם עמוד שדרה ארוך, בלי כפיפה","בהתאמה (טיוטה)","סיבוב — טווח קטן, בלי כפיפה","בהתאמה (טיוטה)","סיבוב — טווח קטן עם הפעלת בטן עמוקה",""
"chair_198_10","לחיצת רגל אחורית בעמידה","Standing Leg Press Back","כיסא (Wunda Chair)","מתחילים","מתאים (טיוטה)","","מתאים (טיוטה)","","בהתאמה (טיוטה)","כפיפת ברך תחת עומס — טווח ללא כאב, קפיצים קלים","בהתאמה (טיוטה)","שיווי משקל — לעבוד ליד תמיכה (סיכון לנפילה)","בהתאמה (טיוטה)","שינויי שיווי משקל — לעבוד ליד תמיכה","מתאים (טיוטה)","",""
"props_199_10","המסור עם רצועה","Saw with Band","עזרים (Props)","בינוני","בהתאמה (טיוטה)","כפיפה קדימה — טווח מבוקר, בלי לדחוף; סיבוב — טווח קטן עם אגן יציב","מתאים (טיוטה)","","מתאים (טיוטה)","","להימנע (טיוטה)","כפיפה קדימה — להחליף בהארכה של עמוד השדרה; סיבוב — טווח קטן עם עמוד שדרה ארוך, בלי כפיפה","בהתאמה (טיוטה)","סיבוב — טווח קטן, בלי כפיפה","בהתאמה (טיוטה)","כפיפה — טווח מבוקר עם נשיפה; סיבוב — טווח קטן עם הפעלת בטן עמוקה",""
"mat_200_11","שליטת איזון","Control Balance","מזרן (Mat)","מתקדם","להימנע (טיוטה)","היפוך ועומס על עמוד השדרה; גלגול על עמוד השדרה","להימנע (טיוטה)","עומס משקל הגוף על הצוואר והכתפיים; גלגול — להימנע מגלגול אל הצוואר","מתאים (טיוטה)","","להימנע (טיוטה)","היפוך וכפיפה תחת עומס — סיכון לשבר דחיסה; גלגול על עמוד השדרה; שיווי משקל — לעבוד ליד תמיכה (סיכון לנפילה)","להימנע (טיוטה)","היפוך — לא מומלץ בהריון; גלגול על עמוד השדרה; שינויי שיווי משקל — לעבוד ליד תמיכה","להימנע (טיוטה)","היפוך — לחץ תוך-בטני גבוה; גלגול — עומס על קו האמצע",""
"reformer_201_11","חיבוק עץ","Hug a Tree","רפורמר (Reformer)","מתחילים","מתאים (טיוטה)","","מתאים (טיוטה)","","מתאים (טיוטה)","","מתאים (טיוטה)","","מתאים (טיוטה)","","מתאים (טיוטה)","",""
"cadillac_202_11","מתיחת טרפז פסיבית","Passive Trapeze Hang","קאדילק (Cadillac)","בינוני","מתאים (טיוטה)","","בהתאמה (טיוטה)","ידיים מעל הראש / תלייה — טווח ללא כאב, התנגדות קלה","מתאים (טיוטה)","","מתאים (טיוטה)","","בהתאמה (טיוטה)","תלייה / ידיים מעל הראש — להעדיף גרסה יציבה","מתאים (טיוטה)","",""
"chair_203_11","הכנה לצלילת ברבור","Swan Dive Prep","כיסא (Wunda Chair)","מתקדם","להימנע (טיוטה)","יישור בשכיבה על הבטן — טווח קטן; יישור עמוק של הגב התחתון","בהתאמה (טיוטה)","יישור בשכיבה על הבטן — צוואר ארוך, מבט לרצפה","מתאים (טיוטה)","","בהתאמה (טיוטה)","יישור — טווח מבוקר, בלי עומס חיצוני","להימנע (טיוטה)","שכיבה על הבטן; יישור עמוק — מתיחת דופן הבטן","בהתאמה (טיוטה)","שכיבה על הבטן — רגישות בחזה בתקופת הנקה; יישור — טווח מבוקר",""
"props_204_11","שעון האגן עם כדור קטן","Pelvic Clock with Mini Ball","עזרים (Props)","מתחילים","מתאים (טיוטה)","","מתאים (טיוטה)","","מתאים (טיוטה)","","מתאים (טיוטה)","","בהתאמה (טיוטה)","שכיבה על הגב — אחרי השליש הראשון לקצר או להגביה את פלג הגוף העליון","מתאים (טיוטה)","",""
"mat_205_11","מעגל רגל כפולה","Double Leg Circles","מזרן (Mat)","בינוני","מתאים (טיוטה)","","מתאים (טיוטה)","","מתאים (טיוטה)","","מתאים (טיוטה)","","בהתאמה (טיוטה)","שכיבה על הגב — אחרי השליש הראשון לקצר או להגביה את פלג הגוף העליון","מתאים (טיוטה)","",""
"reformer_206_11","החגב","Grasshopper","רפורמר (Reformer)","מתקדם","להימנע (טיוטה)","יישור בשכיבה על הבטן — טווח קטן; יישור עמוק של הגב התחתון","בהתאמה (טיוטה)","יישור בשכיבה על הבטן — צוואר ארוך, מבט לרצפה","מתאים (טיוטה)","","בהתאמה (טיוטה)","יישור — טווח מבוקר, בלי עומס חיצוני","להימנע (טיוטה)","שכיבה על הבטן; יישור עמוק — מתיחת דופן הבטן","בהתאמה (טיוטה)","שכיבה על הבטן — רגישות בחזה בתקופת הנקה; יישור — טווח מבוקר",""
"cadillac_207_11","מלאכים בשלג","Angels in the Snow","קאדילק (Cadillac)","מתחילים","מתאים (טיוטה)","","מתאים (טיוטה)","","מתאים (טיוטה)","","מתאים (טיוטה)","","בהתאמה (טיוטה)","שכיבה על הגב — אחרי השליש הראשון לקצר או להגביה את פלג הגוף העליון","מתאים (טיוטה)","",""
"chair_208_11","איזון עמידה על הפדל","Standing Pedal Balance","כיסא (Wunda Chair)","בינוני","מתאים (טיוטה)","","מתאים (טיוטה)","","מתאים (טיוטה)","","בהתאמה (טיוטה)","שיווי משקל — לעבוד ליד תמיכה (סיכון לנפילה)","בהתאמה (טיוטה)","שינויי שיווי משקל — לעבוד ליד תמיכה","מתאים (טיוטה)","",""
"props_209_11","בעיטה כפולה עם עיגול קסם","Double Kick with Magic Circle","עזרים (Props)","מתקדם","להימנע (טיוטה)","יישור בשכיבה על הבטן — טווח קטן; יישור עמוק של הגב התחתון","בהתאמה (טיוטה)","יישור בשכיבה על הבטן — צוואר ארוך, מבט לרצפה","מתאים (טיוטה)","","בהתאמה (טיוטה)","יישור — טווח מבוקר, בלי עומס חיצוני","להימנע (טיוטה)","שכיבה על הבטן; יישור עמוק — מתיחת דופן הבטן","בהתאמה (טיוטה)","שכיבה על הבטן — רגישות בחזה בתקופת הנקה; יישור — טווח מבוקר",""
"mat_210_11","ישיבת ילד עם הארכה","Child's Pose Extension","מזרן (Mat)","מתחילים","מתאים (טיוטה)","","מתאים (טיוטה)","","בהתאמה (טיוטה)","עמידת ברכיים — ריפוד מתחת לברכיים או חלופה","מתאים (טיוטה)","","מתאים (טיוטה)","","מתאים (טיוטה)","",""
"reformer_211_11","סוואקטה","Swakate","רפורמר (Reformer)","בינוני","בהתאמה (טיוטה)","יישור בשכיבה על הבטן — טווח קטן","בהתאמה (טיוטה)","יישור בשכיבה על הבטן — צוואר ארוך, מבט לרצפה","מתאים (טיוטה)","","מתאים (טיוטה)","","להימנע (טיוטה)","שכיבה על הבטן","בהתאמה (טיוטה)","שכיבה על הבטן — רגישות בחזה בתקופת הנקה",""
"cadillac_212_11","איזון חתול","Cat Balance","קאדילק (Cadillac)","מתקדם","מתאים (טיוטה)","","מתאים (טיוטה)","","בהתאמה (טיוטה)","עמידת ברכיים — ריפוד מתחת לברכיים או חלופה","בהתאמה (טיוטה)","שיווי משקל — לעבוד ליד תמיכה (סיכון לנפילה)","בהתאמה (טיוטה)","שינויי שיווי משקל — לעבוד ליד תמיכה","מתאים (טיוטה)","",""
"chair_213_11","שולחן וטוויסט","Table Top Twist","כיסא (Wunda Chair)","מתחילים","בהתאמה (טיוטה)","פלאנק — לשמור אגן ניטרלי, לקצר זמן; סיבוב — טווח קטן עם אגן יציב","בהתאמה (טיוטה)","נשיאת משקל על הידיים — גרסה מקוצרת או על הברכיים","מתאים (טיוטה)","","בהתאמה (טיוטה)","סיבוב — טווח קטן עם עמוד שדרה ארוך, בלי כפיפה","בהתאמה (טיוטה)","פלאנק — קצר או על הברכיים, לשים לב להתבלטות הבטן; סיבוב — טווח קטן, בלי כפיפה","להימנע (טיוטה)","פלאנק מלא — לחץ תוך-בטני; להתחיל מגרסה על הברכיים; סיבוב — טווח קטן עם הפעלת בטן עמוקה",""
"props_214_11","משיכת רגל קדמית עם רצועה","Leg Pull Front with Band","עזרים (Props)","בינוני","בהתאמה (טיוטה)","פלאנק — לשמור אגן ניטרלי, לקצר זמן","בהתאמה (טיוטה)","נשיאת משקל על הידיים — גרסה מקוצרת או על הברכיים","מתאים (טיוטה)","","מתאים (טיוטה)","","בהתאמה (טיוטה)","פלאנק — קצר או על הברכיים, לשים לב להתבלטות הבטן","להימנע (טיוטה)","פלאנק מלא — לחץ תוך-בטני; להתחיל מגרסה על הברכיים",""
"mat_215_11","טוויסט ירך עם זרועות מתוחות","Hip Twist with Stretched Arms","מזרן (Mat)","מתקדם","בהתאמה (טיוטה)","סיבוב — טווח קטן עם אגן יציב","מתאים (טיוטה)","","מתאים (טיוטה)","","בהתאמה (טיוטה)","סיבוב — טווח קטן עם עמוד שדרה ארוך, בלי כפיפה","בהתאמה (טיוטה)","סיבוב — טווח קטן, בלי כפיפה","בהתאמה (טיוטה)","סיבוב — טווח קטן עם הפעלת בטן עמוקה",""
"reformer_216_11","לאנג' בעמידה על הרפורמר","Standing Lunge (Eve's Lunge)","רפורמר (Reformer)","מתחילים","מתאים (טיוטה)","","מתאים (טיוטה)","","מתאים (טיוטה)","","בהתאמה (טיוטה)","שיווי משקל — לעבוד ליד תמיכה (סיכון לנפילה)","בהתאמה (טיוטה)","שינויי שיווי משקל — לעבוד ליד תמיכה","מתאים (טיוטה)","",""
"cadillac_217_11","שכיבות סמיכה על בסיס הקדילק","Push Ups on the Base","קאדילק (Cadillac)","בינוני","בהתאמה (טיוטה)","פלאנק — לשמור אגן ניטרלי, לקצר זמן","בהתאמה (טיוטה)","נשיאת משקל על הידיים — גרסה מקוצרת או על הברכיים","מתאים (טיוטה)","","מתאים (טיוטה)","","בהתאמה (טיוטה)","פלאנק — קצר או על הברכיים, לשים לב להתבלטות הבטן","להימנע (טיוטה)","פלאנק מלא — לחץ תוך-בטני; להתחיל מגרסה על הברכיים",""
"chair_218_11","תלייה פסיבית מעל הכיסא","Passive Hang over Chair","כיסא (Wunda Chair)","מתקדם","מתאים (טיוטה)","","בהתאמה (טיוטה)","ידיים מעל הראש / תלייה — טווח ללא כאב, התנגדות קלה","מתאים (טיוטה)","","מתאים (טיוטה)","","בהתאמה (טיוטה)","תלייה / ידיים מעל הראש — להעדיף גרסה יציבה","מתאים (טיוטה)","",""
"props_219_11","גלגול ככדור עם כדור קטן","Rolling Like a Ball with Mini Ball","עזרים (Props)","מתחילים","להימנע (טיוטה)","גלגול על עמוד השדרה","בהתאמה (טיוטה)","גלגול — להימנע מגלגול אל הצוואר","מתאים (טיוטה)","","להימנע (טיוטה)","גלגול על עמוד השדרה","להימנע (טיוטה)","גלגול על עמוד השדרה","להימנע (טיוטה)","גלגול — עומס על קו האמצע",""
"mat_220_12","ברך לחזה מתחלפת","Alternating Knee to Chest","מזרן (Mat)","בינוני","מתאים (טיוטה)","","מתאים (טיוטה)","","מתאים (טיוטה)","","מתאים (טיוטה)","","בהתאמה (טיוטה)","שכיבה על הגב — אחרי השליש הראשון לקצר או להגביה את פלג הגוף העליון","מתאים (טיוטה)","",""
"reformer_221_12","קורקסקרו על הרפורמר","Corkscrew on the Reformer","רפורמר (Reformer)","מתקדם","להימנע (טיוטה)","היפוך ועומס על עמוד השדרה; סיבוב — טווח קטן עם אגן יציב","להימנע (טיוטה)","עומס משקל הגוף על הצוואר והכתפיים","מתאים (טיוטה)","","להימנע (טיוטה)","היפוך וכפיפה תחת עומס — סיכון לשבר דחיסה; סיבוב — טווח קטן עם עמוד שדרה ארוך, בלי כפיפה","להימנע (טיוטה)","היפוך — לא מומלץ בהריון; סיבוב — טווח קטן, בלי כפיפה","להימנע (טיוטה)","היפוך — לחץ תוך-בטני גבוה; סיבוב — טווח קטן עם הפעלת בטן עמוקה",""
"cadillac_222_12","עלייה על קרסול עם קפיצים","Ankle Springs Lift","קאדילק (Cadillac)","מתחילים","מתאים (טיוטה)","","מתאים (טיוטה)","","מתאים (טיוטה)","","מתאים (טיוטה)","","בהתאמה (טיוטה)","שכיבה על הגב — אחרי השליש הראשון לקצר או להגביה את פלג הגוף העליון","מתאים (טיוטה)","",""
"chair_223_12","טוויסט עמוד שדרה בישיבה על הרצפה","Seated Spine Twist Near Chair","כיסא (Wunda Chair)","בינוני","בהתאמה (טיוטה)","סיבוב — טווח קטן עם אגן יציב","מתאים (טיוטה)","","מתאים (טיוטה)","","בהתאמה (טיוטה)","סיבוב — טווח קטן עם עמוד שדרה ארוך, בלי כפיפה","בהתאמה (טיוטה)","סיבוב — טווח קטן, בלי כפיפה","בהתאמה (טיוטה)","סיבוב — טווח קטן עם הפעלת בטן עמוקה",""
"props_224_12","רוקר עם רגליים פתוחות ורצועה","Open Leg Rocker with Band","עזרים (Props)","מתקדם","להימנע (טיוטה)","גלגול על עמוד השדרה","בהתאמה (טיוטה)","גלגול — להימנע מגלגול אל הצוואר","מתאים (טיוטה)","","להימנע (טיוטה)","גלגול על עמוד השדרה","להימנע (טיוטה)","גלגול על עמוד השדרה","להימנע (טיוטה)","גלגול — עומס על קו האמצע",""
"mat_225_12","פלאנק על הברכיים","Knee Plank","מזרן (Mat)","מתחילים","מתאים (טיוטה)","","מתאים (טיוטה)","","בהתאמה (טיוטה)","עמידת ברכיים — ריפוד מתחת לברכיים או חלופה","מתאים (טיוטה)","","מתאים (טיוטה)","","בהתאמה (טיוטה)","נשיאת משקל קלה — לשים לב להתבלטות הבטן ולרצפת האגן",""
"reformer_226_12","מסאז' עמוד שדרה קצר","Short Spine Massage","רפורמר (Reformer)","בינוני","להימנע (טיוטה)","היפוך ועומס על עמוד השדרה","להימנע (טיוטה)","עומס משקל הגוף על הצוואר והכתפיים","מתאים (טיוטה)","","להימנע (טיוטה)","היפוך וכפיפה תחת עומס — סיכון לשבר דחיסה","להימנע (טיוטה)","היפוך — לא מומלץ בהריון","להימנע (טיוטה)","היפוך — לחץ תוך-בטני גבוה",""
"cadillac_227_12","מלכודת הדוב","Bear Trap","קאדילק (Cadillac)","מתקדם","להימנע (טיוטה)","היפוך ועומס על עמוד השדרה","להימנע (טיוטה)","עומס משקל הגוף על הצוואר והכתפיים","מתאים (טיוטה)","","להימנע (טיוטה)","היפוך וכפיפה תחת עומס — סיכון לשבר דחיסה","להימנע (טיוטה)","היפוך — לא מומלץ בהריון","להימנע (טיוטה)","היפוך — לחץ תוך-בטני גבוה",""
"chair_228_12","צעידה על הפדל","Marching on Pedal","כיסא (Wunda Chair)","מתחילים","מתאים (טיוטה)","","מתאים (טיוטה)","","מתאים (טיוטה)","","מתאים (טיוטה)","","מתאים (טיוטה)","","מתאים (טיוטה)","",""
"props_229_12","קריס קרוס עם עיגול קסם","Criss Cross with Magic Circle","עזרים (Props)","בינוני","בהתאמה (טיוטה)","כפיפה תחת עומס — ראש על המזרן, טווח קטן; סיבוב — טווח קטן עם אגן יציב","בהתאמה (טיוטה)","הרמת ראש — להשאיר ראש על המזרן או בתמיכה","מתאים (טיוטה)","","להימנע (טיוטה)","כפיפת עמוד שדרה תחת עומס — סיכון לשבר דחיסה; סיבוב — טווח קטן עם עמוד שדרה ארוך, בלי כפיפה","להימנע (טיוטה)","כפיפת בטן עם הרמת ראש — עומס על קו האמצע; סיבוב — טווח קטן, בלי כפיפה","להימנע (טיוטה)","כפיפת בטן עם הרמת ראש — עומס על קו האמצע (דיאסטזיס); סיבוב — טווח קטן עם הפעלת בטן עמוקה",""
"mat_230_12","גשר מתקדם עם פעימות","Advanced Bridge with Pulses","מזרן (Mat)","מתקדם","מתאים (טיוטה)","","מתאים (טיוטה)","","מתאים (טיוטה)","","מתאים (טיוטה)","","בהתאמה (טיוטה)","שכיבה על הגב — אחרי השליש הראשון לקצר או להגביה את פלג הגוף העליון","מתאים (טיוטה)","",""
"reformer_231_12","פתיחות רגליים ברצועות","Feet in Straps – Openings","רפורמר (Reformer)","מתחילים","מתאים (טיוטה)","","מתאים (טיוטה)","","מתאים (טיוטה)","","מתאים (טיוטה)","","בהתאמה (טיוטה)","שכיבה על הגב — אחרי השליש הראשון לקצר או להגביה את פלג הגוף העליון","מתאים (טיוטה)","",""
"cadillac_232_12","המטוס","Airplane","קאדילק (Cadillac)","בינוני","מתאים (טיוטה)","","בהתאמה (טיוטה)","ידיים מעל הראש / תלייה — טווח ללא כאב, התנגדות קלה","מתאים (טיוטה)","","מתאים (טיוטה)","","בהתאמה (טיוטה)","תלייה / ידיים מעל הראש — להעדיף גרסה יציבה","מתאים (טיוטה)","",""
"chair_233_12","עלייה בעזרת ידיות עליונות","Pull Up on Handles","כיסא (Wunda Chair)","מתקדם","מתאים (טיוטה)","","בהתאמה (טיוטה)","ידיים מעל הראש / תלייה — טווח ללא כאב, התנגדות קלה","מתאים (טיוטה)","","מתאים (טיוטה)","","בהתאמה (טיוטה)","תלייה / ידיים מעל הראש — להעדיף גרסה יציבה","מתאים (טיוטה)","",""
"props_234_12","מתיחת עמוד שדרה קדימה עם עיגול קסם","Spine Stretch Forward with Magic Circle","עזרים (Props)","מתחילים","בהתאמה (טיוטה)","כפיפה קדימה — טווח מבוקר, בלי לדחוף","מתאים (טיוטה)","","מתאים (טיוטה)","","להימנע (טיוטה)","כפיפה קדימה — להחליף בהארכה של עמוד השדרה","מתאים (טיוטה)","","בהתאמה (טיוטה)","כפיפה — טווח מבוקר עם נשיפה",""
"mat_235_12","מספריים","Scissors","מזרן (Mat)","בינוני","להימנע (טיוטה)","היפוך ועומס על עמוד השדרה","להימנע (טיוטה)","עומס משקל הגוף על הצוואר והכתפיים","מתאים (טיוטה)","","להימנע (טיוטה)","היפוך וכפיפה תחת עומס — סיכון לשבר דחיסה","להימנע (טיוטה)","שכיבה על הגב — אחרי השליש הראשון לקצר או להגביה את פלג הגוף העליון; היפוך — לא מומלץ בהריון","להימנע (טיוטה)","היפוך — לחץ תוך-בטני גבוה",""
"reformer_236_12","ברכיים מורמות","Knees Off","רפורמר (Reformer)","מתקדם","בהתאמה (טיוטה)","פלאנק — לשמור אגן ניטרלי, לקצר זמן","בהתאמה (טיוטה)","נשיאת משקל על הידיים — גרסה מקוצרת או על הברכיים","בהתאמה (טיוטה)","עמידת ברכיים — ריפוד מתחת לברכיים או חלופה","מתאים (טיוטה)","","בהתאמה (טיוטה)","פלאנק — קצר או על הברכיים, לשים לב להתבלטות הבטן","להימנע (טיוטה)","פלאנק מלא — לחץ תוך-בטני; להתחיל מגרסה על הברכיים",""
"cadillac_237_12","אופניים הפוך","Reverse Bicycle","קאדילק (Cadillac)","מתחילים","מתאים (טיוטה)","","מתאים (טיוטה)","","מתאים (טיוטה)","","מתאים (טיוטה)","","בהתאמה (טיוטה)","שכיבה על הגב — אחרי השליש הראשון לקצר או להגביה את פלג הגוף העליון","מתאים (טיוטה)","",""
"chair_238_12","הרמת רגל צד בכריעה","Side Leg Lift Kneeling","כיסא (Wunda Chair)","בינוני","מתאים (טיוטה)","","מתאים (טיוטה)","","בהתאמה (טיוטה)","עמידת ברכיים — ריפוד מתחת לברכיים או חלופה","מתאים (טיוטה)","","מתאים (טיוטה)","","מתאים (טיוטה)","",""
"props_239_12","מספריים עם רצועת קרסול","Scissors with Ankle Band","עזרים (Props)","מתקדם","מתאים (טיוטה)","","מתאים (טיוטה)","","מתאים (טיוטה)","","מתאים (טיוטה)","","בהתאמה (טיוטה)","שכיבה על הגב — אחרי השליש הראשון לקצר או להגביה את פלג הגוף העליון","מתאים (טיוטה)","",""